version,1
info,team,Kolkata Knight Riders
info,team,Royal Challengers Bangalore
info,gender,male
info,season,2012
info,date,2012/04/28
info,competition,Indian Premier League
info,match_number,38
info,venue,Eden Gardens
info,city,Kolkata
info,toss_winner,Kolkata Knight Riders
info,toss_decision,bat
info,player_of_match,G Gambhir
info,umpire,Asad Rauf
info,umpire,BR Doctrove
info,reserve_umpire,AS Pathania
info,tv_umpire,S Asnani
info,match_referee,RR Jadeja
info,winner,Kolkata Knight Riders
info,winner_runs,47
ball,1,0.1,Kolkata Knight Riders,BB McCullum,G Gambhir,Z Khan,4,0,"",""
ball,1,0.2,Kolkata Knight Riders,BB McCullum,G Gambhir,Z Khan,0,0,"",""
ball,1,0.3,Kolkata Knight Riders,BB McCullum,G Gambhir,Z Khan,0,0,"",""
ball,1,0.4,Kolkata Knight Riders,BB McCullum,G Gambhir,Z Khan,2,0,"",""
ball,1,0.5,Kolkata Knight Riders,BB McCullum,G Gambhir,Z Khan,1,0,"",""
ball,1,0.6,Kolkata Knight Riders,G Gambhir,BB McCullum,Z Khan,4,0,"",""
ball,1,1.1,Kolkata Knight Riders,BB McCullum,G Gambhir,DL Vettori,0,0,"",""
ball,1,1.2,Kolkata Knight Riders,BB McCullum,G Gambhir,DL Vettori,0,0,"",""
ball,1,1.3,Kolkata Knight Riders,BB McCullum,G Gambhir,DL Vettori,0,0,"",""
ball,1,1.4,Kolkata Knight Riders,BB McCullum,G Gambhir,DL Vettori,1,0,"",""
ball,1,1.5,Kolkata Knight Riders,G Gambhir,BB McCullum,DL Vettori,1,0,"",""
ball,1,1.6,Kolkata Knight Riders,BB McCullum,G Gambhir,DL Vettori,0,0,"",""
ball,1,2.1,Kolkata Knight Riders,G Gambhir,BB McCullum,Z Khan,4,0,"",""
ball,1,2.2,Kolkata Knight Riders,G Gambhir,BB McCullum,Z Khan,4,0,"",""
ball,1,2.3,Kolkata Knight Riders,G Gambhir,BB McCullum,Z Khan,1,0,"",""
ball,1,2.4,Kolkata Knight Riders,BB McCullum,G Gambhir,Z Khan,0,0,"",""
ball,1,2.5,Kolkata Knight Riders,BB McCullum,G Gambhir,Z Khan,0,0,"",""
ball,1,2.6,Kolkata Knight Riders,BB McCullum,G Gambhir,Z Khan,0,1,"",""
ball,1,2.7,Kolkata Knight Riders,BB McCullum,G Gambhir,Z Khan,0,0,"",""
ball,1,3.1,Kolkata Knight Riders,G Gambhir,BB McCullum,KP Appanna,0,1,"",""
ball,1,3.2,Kolkata Knight Riders,G Gambhir,BB McCullum,KP Appanna,0,1,"",""
ball,1,3.3,Kolkata Knight Riders,G Gambhir,BB McCullum,KP Appanna,0,0,"",""
ball,1,3.4,Kolkata Knight Riders,G Gambhir,BB McCullum,KP Appanna,4,0,"",""
ball,1,3.5,Kolkata Knight Riders,G Gambhir,BB McCullum,KP Appanna,1,0,"",""
ball,1,3.6,Kolkata Knight Riders,BB McCullum,G Gambhir,KP Appanna,1,0,"",""
ball,1,3.7,Kolkata Knight Riders,G Gambhir,BB McCullum,KP Appanna,2,0,"",""
ball,1,3.8,Kolkata Knight Riders,G Gambhir,BB McCullum,KP Appanna,0,0,"",""
ball,1,4.1,Kolkata Knight Riders,BB McCullum,G Gambhir,R Vinay Kumar,0,0,"",""
ball,1,4.2,Kolkata Knight Riders,BB McCullum,G Gambhir,R Vinay Kumar,1,0,"",""
ball,1,4.3,Kolkata Knight Riders,G Gambhir,BB McCullum,R Vinay Kumar,4,0,"",""
ball,1,4.4,Kolkata Knight Riders,G Gambhir,BB McCullum,R Vinay Kumar,0,0,"",""
ball,1,4.5,Kolkata Knight Riders,G Gambhir,BB McCullum,R Vinay Kumar,0,0,"",""
ball,1,4.6,Kolkata Knight Riders,G Gambhir,BB McCullum,R Vinay Kumar,2,0,"",""
ball,1,5.1,Kolkata Knight Riders,BB McCullum,G Gambhir,KP Appanna,0,0,"",""
ball,1,5.2,Kolkata Knight Riders,BB McCullum,G Gambhir,KP Appanna,0,0,"",""
ball,1,5.3,Kolkata Knight Riders,BB McCullum,G Gambhir,KP Appanna,1,0,"",""
ball,1,5.4,Kolkata Knight Riders,G Gambhir,BB McCullum,KP Appanna,4,0,"",""
ball,1,5.5,Kolkata Knight Riders,G Gambhir,BB McCullum,KP Appanna,1,0,"",""
ball,1,5.6,Kolkata Knight Riders,BB McCullum,G Gambhir,KP Appanna,0,0,"",""
ball,1,6.1,Kolkata Knight Riders,G Gambhir,BB McCullum,R Vinay Kumar,0,0,"",""
ball,1,6.2,Kolkata Knight Riders,G Gambhir,BB McCullum,R Vinay Kumar,4,0,"",""
ball,1,6.3,Kolkata Knight Riders,G Gambhir,BB McCullum,R Vinay Kumar,0,0,"",""
ball,1,6.4,Kolkata Knight Riders,G Gambhir,BB McCullum,R Vinay Kumar,0,0,"",""
ball,1,6.5,Kolkata Knight Riders,G Gambhir,BB McCullum,R Vinay Kumar,1,0,"",""
ball,1,6.6,Kolkata Knight Riders,BB McCullum,G Gambhir,R Vinay Kumar,4,0,"",""
ball,1,7.1,Kolkata Knight Riders,G Gambhir,BB McCullum,TM Dilshan,4,0,"",""
ball,1,7.2,Kolkata Knight Riders,G Gambhir,BB McCullum,TM Dilshan,0,0,"",""
ball,1,7.3,Kolkata Knight Riders,G Gambhir,BB McCullum,TM Dilshan,1,0,"",""
ball,1,7.4,Kolkata Knight Riders,BB McCullum,G Gambhir,TM Dilshan,4,0,"",""
ball,1,7.5,Kolkata Knight Riders,BB McCullum,G Gambhir,TM Dilshan,0,0,"",""
ball,1,7.6,Kolkata Knight Riders,BB McCullum,G Gambhir,TM Dilshan,1,0,"",""
ball,1,8.1,Kolkata Knight Riders,BB McCullum,G Gambhir,DL Vettori,0,0,"",""
ball,1,8.2,Kolkata Knight Riders,BB McCullum,G Gambhir,DL Vettori,4,0,"",""
ball,1,8.3,Kolkata Knight Riders,BB McCullum,G Gambhir,DL Vettori,4,0,"",""
ball,1,8.4,Kolkata Knight Riders,BB McCullum,G Gambhir,DL Vettori,0,0,"",""
ball,1,8.5,Kolkata Knight Riders,BB McCullum,G Gambhir,DL Vettori,0,0,"",""
ball,1,8.6,Kolkata Knight Riders,BB McCullum,G Gambhir,DL Vettori,0,0,"",""
ball,1,9.1,Kolkata Knight Riders,G Gambhir,BB McCullum,HV Patel,6,0,"",""
ball,1,9.2,Kolkata Knight Riders,G Gambhir,BB McCullum,HV Patel,1,0,"",""
ball,1,9.3,Kolkata Knight Riders,BB McCullum,G Gambhir,HV Patel,0,0,"",""
ball,1,9.4,Kolkata Knight Riders,BB McCullum,G Gambhir,HV Patel,4,0,"",""
ball,1,9.5,Kolkata Knight Riders,BB McCullum,G Gambhir,HV Patel,2,0,"",""
ball,1,9.6,Kolkata Knight Riders,BB McCullum,G Gambhir,HV Patel,1,0,"",""
ball,1,10.1,Kolkata Knight Riders,BB McCullum,G Gambhir,DL Vettori,4,0,"",""
ball,1,10.2,Kolkata Knight Riders,BB McCullum,G Gambhir,DL Vettori,4,0,"",""
ball,1,10.3,Kolkata Knight Riders,BB McCullum,G Gambhir,DL Vettori,0,0,bowled,BB McCullum
ball,1,10.4,Kolkata Knight Riders,JH Kallis,G Gambhir,DL Vettori,0,0,"",""
ball,1,10.5,Kolkata Knight Riders,JH Kallis,G Gambhir,DL Vettori,1,0,"",""
ball,1,10.6,Kolkata Knight Riders,G Gambhir,JH Kallis,DL Vettori,0,0,"",""
ball,1,11.1,Kolkata Knight Riders,JH Kallis,G Gambhir,KP Appanna,1,0,"",""
ball,1,11.2,Kolkata Knight Riders,G Gambhir,JH Kallis,KP Appanna,2,0,"",""
ball,1,11.3,Kolkata Knight Riders,G Gambhir,JH Kallis,KP Appanna,1,0,"",""
ball,1,11.4,Kolkata Knight Riders,JH Kallis,G Gambhir,KP Appanna,1,0,"",""
ball,1,11.5,Kolkata Knight Riders,G Gambhir,JH Kallis,KP Appanna,6,0,"",""
ball,1,11.6,Kolkata Knight Riders,G Gambhir,JH Kallis,KP Appanna,0,0,"",""
ball,1,12.1,Kolkata Knight Riders,JH Kallis,G Gambhir,TM Dilshan,1,0,"",""
ball,1,12.2,Kolkata Knight Riders,G Gambhir,JH Kallis,TM Dilshan,1,0,"",""
ball,1,12.3,Kolkata Knight Riders,JH Kallis,G Gambhir,TM Dilshan,1,0,"",""
ball,1,12.4,Kolkata Knight Riders,G Gambhir,JH Kallis,TM Dilshan,4,0,"",""
ball,1,12.5,Kolkata Knight Riders,G Gambhir,JH Kallis,TM Dilshan,1,0,"",""
ball,1,12.6,Kolkata Knight Riders,JH Kallis,G Gambhir,TM Dilshan,1,0,"",""
ball,1,13.1,Kolkata Knight Riders,JH Kallis,G Gambhir,HV Patel,1,0,"",""
ball,1,13.2,Kolkata Knight Riders,G Gambhir,JH Kallis,HV Patel,0,0,"",""
ball,1,13.3,Kolkata Knight Riders,G Gambhir,JH Kallis,HV Patel,2,0,"",""
ball,1,13.4,Kolkata Knight Riders,G Gambhir,JH Kallis,HV Patel,1,0,"",""
ball,1,13.5,Kolkata Knight Riders,JH Kallis,G Gambhir,HV Patel,1,0,"",""
ball,1,13.6,Kolkata Knight Riders,G Gambhir,JH Kallis,HV Patel,0,0,"",""
ball,1,14.1,Kolkata Knight Riders,JH Kallis,G Gambhir,Z Khan,4,0,"",""
ball,1,14.2,Kolkata Knight Riders,JH Kallis,G Gambhir,Z Khan,1,0,"",""
ball,1,14.3,Kolkata Knight Riders,G Gambhir,JH Kallis,Z Khan,1,0,"",""
ball,1,14.4,Kolkata Knight Riders,JH Kallis,G Gambhir,Z Khan,0,0,"",""
ball,1,14.5,Kolkata Knight Riders,JH Kallis,G Gambhir,Z Khan,1,0,"",""
ball,1,14.6,Kolkata Knight Riders,G Gambhir,JH Kallis,Z Khan,6,0,"",""
ball,1,15.1,Kolkata Knight Riders,JH Kallis,G Gambhir,DL Vettori,1,0,"",""
ball,1,15.2,Kolkata Knight Riders,G Gambhir,JH Kallis,DL Vettori,1,0,"",""
ball,1,15.3,Kolkata Knight Riders,JH Kallis,G Gambhir,DL Vettori,1,0,"",""
ball,1,15.4,Kolkata Knight Riders,G Gambhir,JH Kallis,DL Vettori,6,0,"",""
ball,1,15.5,Kolkata Knight Riders,G Gambhir,JH Kallis,DL Vettori,1,0,"",""
ball,1,15.6,Kolkata Knight Riders,JH Kallis,G Gambhir,DL Vettori,0,0,"",""
ball,1,16.1,Kolkata Knight Riders,G Gambhir,JH Kallis,HV Patel,1,0,"",""
ball,1,16.2,Kolkata Knight Riders,JH Kallis,G Gambhir,HV Patel,1,0,"",""
ball,1,16.3,Kolkata Knight Riders,G Gambhir,JH Kallis,HV Patel,6,0,"",""
ball,1,16.4,Kolkata Knight Riders,G Gambhir,JH Kallis,HV Patel,1,0,"",""
ball,1,16.5,Kolkata Knight Riders,JH Kallis,G Gambhir,HV Patel,6,0,"",""
ball,1,16.6,Kolkata Knight Riders,JH Kallis,G Gambhir,HV Patel,1,0,"",""
ball,1,17.1,Kolkata Knight Riders,JH Kallis,G Gambhir,R Vinay Kumar,1,0,"",""
ball,1,17.2,Kolkata Knight Riders,G Gambhir,JH Kallis,R Vinay Kumar,1,0,"",""
ball,1,17.3,Kolkata Knight Riders,JH Kallis,G Gambhir,R Vinay Kumar,2,0,"",""
ball,1,17.4,Kolkata Knight Riders,JH Kallis,G Gambhir,R Vinay Kumar,1,0,"",""
ball,1,17.5,Kolkata Knight Riders,G Gambhir,JH Kallis,R Vinay Kumar,0,1,"",""
ball,1,17.6,Kolkata Knight Riders,G Gambhir,JH Kallis,R Vinay Kumar,0,0,"",""
ball,1,17.7,Kolkata Knight Riders,G Gambhir,JH Kallis,R Vinay Kumar,1,0,"",""
ball,1,18.1,Kolkata Knight Riders,G Gambhir,JH Kallis,Z Khan,1,0,"",""
ball,1,18.2,Kolkata Knight Riders,JH Kallis,G Gambhir,Z Khan,6,0,"",""
ball,1,18.3,Kolkata Knight Riders,JH Kallis,G Gambhir,Z Khan,1,0,"",""
ball,1,18.4,Kolkata Knight Riders,G Gambhir,JH Kallis,Z Khan,0,0,caught,G Gambhir
ball,1,18.5,Kolkata Knight Riders,JH Kallis,YK Pathan,Z Khan,6,0,"",""
ball,1,18.6,Kolkata Knight Riders,JH Kallis,YK Pathan,Z Khan,0,0,"",""
ball,1,19.1,Kolkata Knight Riders,YK Pathan,JH Kallis,R Vinay Kumar,0,1,"",""
ball,1,19.2,Kolkata Knight Riders,JH Kallis,YK Pathan,R Vinay Kumar,0,0,caught,JH Kallis
ball,1,19.3,Kolkata Knight Riders,YK Pathan,MK Tiwary,R Vinay Kumar,6,0,"",""
ball,1,19.4,Kolkata Knight Riders,YK Pathan,MK Tiwary,R Vinay Kumar,1,0,"",""
ball,1,19.5,Kolkata Knight Riders,MK Tiwary,YK Pathan,R Vinay Kumar,1,0,"",""
ball,1,19.6,Kolkata Knight Riders,YK Pathan,MK Tiwary,R Vinay Kumar,0,0,caught,YK Pathan
ball,2,0.1,Royal Challengers Bangalore,TM Dilshan,CH Gayle,YK Pathan,0,0,"",""
ball,2,0.2,Royal Challengers Bangalore,TM Dilshan,CH Gayle,YK Pathan,1,0,"",""
ball,2,0.3,Royal Challengers Bangalore,CH Gayle,TM Dilshan,YK Pathan,0,0,"",""
ball,2,0.4,Royal Challengers Bangalore,CH Gayle,TM Dilshan,YK Pathan,0,0,"",""
ball,2,0.5,Royal Challengers Bangalore,CH Gayle,TM Dilshan,YK Pathan,1,0,"",""
ball,2,0.6,Royal Challengers Bangalore,TM Dilshan,CH Gayle,YK Pathan,0,0,caught,TM Dilshan
ball,2,1.1,Royal Challengers Bangalore,CH Gayle,V Kohli,B Lee,0,0,"",""
ball,2,1.2,Royal Challengers Bangalore,CH Gayle,V Kohli,B Lee,1,0,"",""
ball,2,1.3,Royal Challengers Bangalore,V Kohli,CH Gayle,B Lee,0,0,"",""
ball,2,1.4,Royal Challengers Bangalore,V Kohli,CH Gayle,B Lee,1,0,"",""
ball,2,1.5,Royal Challengers Bangalore,CH Gayle,V Kohli,B Lee,0,1,"",""
ball,2,1.6,Royal Challengers Bangalore,CH Gayle,V Kohli,B Lee,0,0,"",""
ball,2,1.7,Royal Challengers Bangalore,CH Gayle,V Kohli,B Lee,4,0,"",""
ball,2,2.1,Royal Challengers Bangalore,V Kohli,CH Gayle,YK Pathan,0,0,"",""
ball,2,2.2,Royal Challengers Bangalore,V Kohli,CH Gayle,YK Pathan,4,0,"",""
ball,2,2.3,Royal Challengers Bangalore,V Kohli,CH Gayle,YK Pathan,1,0,"",""
ball,2,2.4,Royal Challengers Bangalore,CH Gayle,V Kohli,YK Pathan,6,0,"",""
ball,2,2.5,Royal Challengers Bangalore,CH Gayle,V Kohli,YK Pathan,0,0,"",""
ball,2,2.6,Royal Challengers Bangalore,CH Gayle,V Kohli,YK Pathan,2,0,"",""
ball,2,3.1,Royal Challengers Bangalore,V Kohli,CH Gayle,B Lee,0,0,"",""
ball,2,3.2,Royal Challengers Bangalore,V Kohli,CH Gayle,B Lee,0,0,"",""
ball,2,3.3,Royal Challengers Bangalore,V Kohli,CH Gayle,B Lee,4,0,"",""
ball,2,3.4,Royal Challengers Bangalore,V Kohli,CH Gayle,B Lee,0,0,"",""
ball,2,3.5,Royal Challengers Bangalore,V Kohli,CH Gayle,B Lee,4,0,"",""
ball,2,3.6,Royal Challengers Bangalore,V Kohli,CH Gayle,B Lee,1,0,"",""
ball,2,4.1,Royal Challengers Bangalore,V Kohli,CH Gayle,SP Narine,0,0,"",""
ball,2,4.2,Royal Challengers Bangalore,V Kohli,CH Gayle,SP Narine,0,0,"",""
ball,2,4.3,Royal Challengers Bangalore,V Kohli,CH Gayle,SP Narine,0,0,"",""
ball,2,4.4,Royal Challengers Bangalore,V Kohli,CH Gayle,SP Narine,0,0,"",""
ball,2,4.5,Royal Challengers Bangalore,V Kohli,CH Gayle,SP Narine,0,0,"",""
ball,2,4.6,Royal Challengers Bangalore,V Kohli,CH Gayle,SP Narine,1,0,"",""
ball,2,5.1,Royal Challengers Bangalore,V Kohli,CH Gayle,JH Kallis,2,0,"",""
ball,2,5.2,Royal Challengers Bangalore,V Kohli,CH Gayle,JH Kallis,0,0,lbw,V Kohli
ball,2,5.3,Royal Challengers Bangalore,AB de Villiers,CH Gayle,JH Kallis,0,0,caught,AB de Villiers
ball,2,5.4,Royal Challengers Bangalore,SS Tiwary,CH Gayle,JH Kallis,0,0,"",""
ball,2,5.5,Royal Challengers Bangalore,SS Tiwary,CH Gayle,JH Kallis,1,0,"",""
ball,2,5.6,Royal Challengers Bangalore,CH Gayle,SS Tiwary,JH Kallis,0,0,"",""
ball,2,6.1,Royal Challengers Bangalore,SS Tiwary,CH Gayle,YK Pathan,1,0,"",""
ball,2,6.2,Royal Challengers Bangalore,CH Gayle,SS Tiwary,YK Pathan,0,0,"",""
ball,2,6.3,Royal Challengers Bangalore,CH Gayle,SS Tiwary,YK Pathan,0,0,"",""
ball,2,6.4,Royal Challengers Bangalore,CH Gayle,SS Tiwary,YK Pathan,1,0,"",""
ball,2,6.5,Royal Challengers Bangalore,SS Tiwary,CH Gayle,YK Pathan,0,0,"",""
ball,2,6.6,Royal Challengers Bangalore,SS Tiwary,CH Gayle,YK Pathan,1,0,"",""
ball,2,7.1,Royal Challengers Bangalore,SS Tiwary,CH Gayle,JH Kallis,0,0,"",""
ball,2,7.2,Royal Challengers Bangalore,SS Tiwary,CH Gayle,JH Kallis,4,0,"",""
ball,2,7.3,Royal Challengers Bangalore,SS Tiwary,CH Gayle,JH Kallis,0,2,"",""
ball,2,7.4,Royal Challengers Bangalore,SS Tiwary,CH Gayle,JH Kallis,1,0,"",""
ball,2,7.5,Royal Challengers Bangalore,CH Gayle,SS Tiwary,JH Kallis,0,0,"",""
ball,2,7.6,Royal Challengers Bangalore,CH Gayle,SS Tiwary,JH Kallis,1,0,"",""
ball,2,8.1,Royal Challengers Bangalore,CH Gayle,SS Tiwary,YK Pathan,0,0,"",""
ball,2,8.2,Royal Challengers Bangalore,CH Gayle,SS Tiwary,YK Pathan,0,0,"",""
ball,2,8.3,Royal Challengers Bangalore,CH Gayle,SS Tiwary,YK Pathan,0,0,"",""
ball,2,8.4,Royal Challengers Bangalore,CH Gayle,SS Tiwary,YK Pathan,1,0,"",""
ball,2,8.5,Royal Challengers Bangalore,SS Tiwary,CH Gayle,YK Pathan,0,0,"",""
ball,2,8.6,Royal Challengers Bangalore,SS Tiwary,CH Gayle,YK Pathan,0,0,"",""
ball,2,9.1,Royal Challengers Bangalore,CH Gayle,SS Tiwary,JH Kallis,1,0,"",""
ball,2,9.2,Royal Challengers Bangalore,SS Tiwary,CH Gayle,JH Kallis,0,0,"",""
ball,2,9.3,Royal Challengers Bangalore,SS Tiwary,CH Gayle,JH Kallis,0,1,"",""
ball,2,9.4,Royal Challengers Bangalore,SS Tiwary,CH Gayle,JH Kallis,1,0,"",""
ball,2,9.5,Royal Challengers Bangalore,CH Gayle,SS Tiwary,JH Kallis,4,0,"",""
ball,2,9.6,Royal Challengers Bangalore,CH Gayle,SS Tiwary,JH Kallis,0,1,"",""
ball,2,9.7,Royal Challengers Bangalore,CH Gayle,SS Tiwary,JH Kallis,0,0,"",""
ball,2,9.8,Royal Challengers Bangalore,CH Gayle,SS Tiwary,JH Kallis,1,0,"",""
ball,2,10.1,Royal Challengers Bangalore,CH Gayle,SS Tiwary,R Bhatia,0,0,"",""
ball,2,10.2,Royal Challengers Bangalore,CH Gayle,SS Tiwary,R Bhatia,1,0,"",""
ball,2,10.3,Royal Challengers Bangalore,SS Tiwary,CH Gayle,R Bhatia,0,0,"",""
ball,2,10.4,Royal Challengers Bangalore,SS Tiwary,CH Gayle,R Bhatia,1,0,"",""
ball,2,10.5,Royal Challengers Bangalore,CH Gayle,SS Tiwary,R Bhatia,1,0,"",""
ball,2,10.6,Royal Challengers Bangalore,SS Tiwary,CH Gayle,R Bhatia,0,0,"",""
ball,2,11.1,Royal Challengers Bangalore,CH Gayle,SS Tiwary,SP Narine,0,0,"",""
ball,2,11.2,Royal Challengers Bangalore,CH Gayle,SS Tiwary,SP Narine,1,0,"",""
ball,2,11.3,Royal Challengers Bangalore,SS Tiwary,CH Gayle,SP Narine,0,0,"",""
ball,2,11.4,Royal Challengers Bangalore,SS Tiwary,CH Gayle,SP Narine,1,0,"",""
ball,2,11.5,Royal Challengers Bangalore,CH Gayle,SS Tiwary,SP Narine,1,0,"",""
ball,2,11.6,Royal Challengers Bangalore,SS Tiwary,CH Gayle,SP Narine,1,0,"",""
ball,2,12.1,Royal Challengers Bangalore,SS Tiwary,CH Gayle,R Bhatia,1,0,"",""
ball,2,12.2,Royal Challengers Bangalore,CH Gayle,SS Tiwary,R Bhatia,6,0,"",""
ball,2,12.3,Royal Challengers Bangalore,CH Gayle,SS Tiwary,R Bhatia,1,0,"",""
ball,2,12.4,Royal Challengers Bangalore,SS Tiwary,CH Gayle,R Bhatia,6,0,"",""
ball,2,12.5,Royal Challengers Bangalore,SS Tiwary,CH Gayle,R Bhatia,0,0,caught,SS Tiwary
ball,2,12.6,Royal Challengers Bangalore,MA Agarwal,CH Gayle,R Bhatia,1,0,"",""
ball,2,13.1,Royal Challengers Bangalore,MA Agarwal,CH Gayle,B Lee,0,0,"",""
ball,2,13.2,Royal Challengers Bangalore,MA Agarwal,CH Gayle,B Lee,4,0,"",""
ball,2,13.3,Royal Challengers Bangalore,MA Agarwal,CH Gayle,B Lee,0,0,"",""
ball,2,13.4,Royal Challengers Bangalore,MA Agarwal,CH Gayle,B Lee,1,0,"",""
ball,2,13.5,Royal Challengers Bangalore,CH Gayle,MA Agarwal,B Lee,1,0,"",""
ball,2,13.6,Royal Challengers Bangalore,MA Agarwal,CH Gayle,B Lee,1,0,"",""
ball,2,14.1,Royal Challengers Bangalore,MA Agarwal,CH Gayle,SP Narine,0,0,"",""
ball,2,14.2,Royal Challengers Bangalore,MA Agarwal,CH Gayle,SP Narine,0,0,"",""
ball,2,14.3,Royal Challengers Bangalore,MA Agarwal,CH Gayle,SP Narine,1,0,"",""
ball,2,14.4,Royal Challengers Bangalore,CH Gayle,MA Agarwal,SP Narine,0,0,"",""
ball,2,14.5,Royal Challengers Bangalore,CH Gayle,MA Agarwal,SP Narine,1,0,"",""
ball,2,14.6,Royal Challengers Bangalore,MA Agarwal,CH Gayle,SP Narine,0,0,"",""
ball,2,15.1,Royal Challengers Bangalore,CH Gayle,MA Agarwal,B Lee,1,0,"",""
ball,2,15.2,Royal Challengers Bangalore,MA Agarwal,CH Gayle,B Lee,1,0,"",""
ball,2,15.3,Royal Challengers Bangalore,CH Gayle,MA Agarwal,B Lee,1,0,"",""
ball,2,15.4,Royal Challengers Bangalore,MA Agarwal,CH Gayle,B Lee,1,0,"",""
ball,2,15.5,Royal Challengers Bangalore,CH Gayle,MA Agarwal,B Lee,6,0,"",""
ball,2,15.6,Royal Challengers Bangalore,CH Gayle,MA Agarwal,B Lee,1,0,"",""
ball,2,16.1,Royal Challengers Bangalore,CH Gayle,MA Agarwal,JH Kallis,4,0,"",""
ball,2,16.2,Royal Challengers Bangalore,CH Gayle,MA Agarwal,JH Kallis,4,0,"",""
ball,2,16.3,Royal Challengers Bangalore,CH Gayle,MA Agarwal,JH Kallis,0,0,"",""
ball,2,16.4,Royal Challengers Bangalore,CH Gayle,MA Agarwal,JH Kallis,0,0,"",""
ball,2,16.5,Royal Challengers Bangalore,CH Gayle,MA Agarwal,JH Kallis,4,0,"",""
ball,2,16.6,Royal Challengers Bangalore,CH Gayle,MA Agarwal,JH Kallis,1,0,"",""
ball,2,17.1,Royal Challengers Bangalore,CH Gayle,MA Agarwal,SP Narine,1,0,"",""
ball,2,17.2,Royal Challengers Bangalore,MA Agarwal,CH Gayle,SP Narine,0,0,bowled,MA Agarwal
ball,2,17.3,Royal Challengers Bangalore,DL Vettori,CH Gayle,SP Narine,1,0,"",""
ball,2,17.4,Royal Challengers Bangalore,CH Gayle,DL Vettori,SP Narine,0,0,"",""
ball,2,17.5,Royal Challengers Bangalore,CH Gayle,DL Vettori,SP Narine,1,0,"",""
ball,2,17.6,Royal Challengers Bangalore,DL Vettori,CH Gayle,SP Narine,1,0,"",""
ball,2,18.1,Royal Challengers Bangalore,DL Vettori,CH Gayle,R Bhatia,1,0,"",""
ball,2,18.2,Royal Challengers Bangalore,CH Gayle,DL Vettori,R Bhatia,0,0,"",""
ball,2,18.3,Royal Challengers Bangalore,CH Gayle,DL Vettori,R Bhatia,6,0,"",""
ball,2,18.4,Royal Challengers Bangalore,CH Gayle,DL Vettori,R Bhatia,4,0,"",""
ball,2,18.5,Royal Challengers Bangalore,CH Gayle,DL Vettori,R Bhatia,6,0,"",""
ball,2,18.6,Royal Challengers Bangalore,CH Gayle,DL Vettori,R Bhatia,6,0,"",""
ball,2,19.1,Royal Challengers Bangalore,DL Vettori,CH Gayle,LR Shukla,1,0,"",""
ball,2,19.2,Royal Challengers Bangalore,CH Gayle,DL Vettori,LR Shukla,0,0,"",""
ball,2,19.3,Royal Challengers Bangalore,CH Gayle,DL Vettori,LR Shukla,4,0,"",""
ball,2,19.4,Royal Challengers Bangalore,CH Gayle,DL Vettori,LR Shukla,0,0,"",""
ball,2,19.5,Royal Challengers Bangalore,CH Gayle,DL Vettori,LR Shukla,0,0,caught,CH Gayle
ball,2,19.6,Royal Challengers Bangalore,R Vinay Kumar,DL Vettori,LR Shukla,0,0,"",""
