version,1
info,team,Rajasthan Royals
info,team,Sunrisers Hyderabad
info,gender,male
info,season,2013
info,date,2013/04/27
info,competition,Indian Premier League
info,match_number,36
info,venue,Sawai Mansingh Stadium
info,city,Jaipur
info,toss_winner,Sunrisers Hyderabad
info,toss_decision,bat
info,player_of_match,JP Faulkner
info,umpire,VA Kulkarni
info,umpire,K Srinath
info,reserve_umpire,Tapan Sharma
info,tv_umpire,M Erasmus
info,match_referee,RS Madugalle
info,winner,Rajasthan Royals
info,winner_wickets,8
ball,1,0.1,Sunrisers Hyderabad,PA Reddy,S Dhawan,A Chandila,0,0,"",""
ball,1,0.2,Sunrisers Hyderabad,PA Reddy,S Dhawan,A Chandila,0,0,"",""
ball,1,0.3,Sunrisers Hyderabad,PA Reddy,S Dhawan,A Chandila,2,0,"",""
ball,1,0.4,Sunrisers Hyderabad,PA Reddy,S Dhawan,A Chandila,0,0,"",""
ball,1,0.5,Sunrisers Hyderabad,PA Reddy,S Dhawan,A Chandila,0,0,caught,PA Reddy
ball,1,0.6,Sunrisers Hyderabad,S Dhawan,KC Sangakkara,A Chandila,0,0,"",""
ball,1,1.1,Sunrisers Hyderabad,KC Sangakkara,S Dhawan,JP Faulkner,4,0,"",""
ball,1,1.2,Sunrisers Hyderabad,KC Sangakkara,S Dhawan,JP Faulkner,0,0,"",""
ball,1,1.3,Sunrisers Hyderabad,KC Sangakkara,S Dhawan,JP Faulkner,0,0,"",""
ball,1,1.4,Sunrisers Hyderabad,KC Sangakkara,S Dhawan,JP Faulkner,0,0,caught,KC Sangakkara
ball,1,1.5,Sunrisers Hyderabad,GH Vihari,S Dhawan,JP Faulkner,1,0,"",""
ball,1,1.6,Sunrisers Hyderabad,S Dhawan,GH Vihari,JP Faulkner,0,0,caught,S Dhawan
ball,1,2.1,Sunrisers Hyderabad,GH Vihari,KV Sharma,A Chandila,1,0,"",""
ball,1,2.2,Sunrisers Hyderabad,KV Sharma,GH Vihari,A Chandila,0,0,"",""
ball,1,2.3,Sunrisers Hyderabad,KV Sharma,GH Vihari,A Chandila,2,0,"",""
ball,1,2.4,Sunrisers Hyderabad,KV Sharma,GH Vihari,A Chandila,0,0,"",""
ball,1,2.5,Sunrisers Hyderabad,KV Sharma,GH Vihari,A Chandila,0,0,"",""
ball,1,2.6,Sunrisers Hyderabad,KV Sharma,GH Vihari,A Chandila,4,0,"",""
ball,1,3.1,Sunrisers Hyderabad,GH Vihari,KV Sharma,JP Faulkner,1,0,"",""
ball,1,3.2,Sunrisers Hyderabad,KV Sharma,GH Vihari,JP Faulkner,0,0,"",""
ball,1,3.3,Sunrisers Hyderabad,KV Sharma,GH Vihari,JP Faulkner,0,0,"",""
ball,1,3.4,Sunrisers Hyderabad,KV Sharma,GH Vihari,JP Faulkner,0,0,caught,KV Sharma
ball,1,3.5,Sunrisers Hyderabad,GH Vihari,NLTC Perera,JP Faulkner,0,0,"",""
ball,1,3.6,Sunrisers Hyderabad,GH Vihari,NLTC Perera,JP Faulkner,0,0,"",""
ball,1,4.1,Sunrisers Hyderabad,NLTC Perera,GH Vihari,A Chandila,0,0,"",""
ball,1,4.2,Sunrisers Hyderabad,NLTC Perera,GH Vihari,A Chandila,4,0,"",""
ball,1,4.3,Sunrisers Hyderabad,NLTC Perera,GH Vihari,A Chandila,0,0,"",""
ball,1,4.4,Sunrisers Hyderabad,NLTC Perera,GH Vihari,A Chandila,0,0,caught,NLTC Perera
ball,1,4.5,Sunrisers Hyderabad,DJG Sammy,GH Vihari,A Chandila,0,0,"",""
ball,1,4.6,Sunrisers Hyderabad,DJG Sammy,GH Vihari,A Chandila,0,0,"",""
ball,1,5.1,Sunrisers Hyderabad,GH Vihari,DJG Sammy,SR Watson,0,0,"",""
ball,1,5.2,Sunrisers Hyderabad,GH Vihari,DJG Sammy,SR Watson,0,0,"",""
ball,1,5.3,Sunrisers Hyderabad,GH Vihari,DJG Sammy,SR Watson,1,0,"",""
ball,1,5.4,Sunrisers Hyderabad,DJG Sammy,GH Vihari,SR Watson,0,1,"",""
ball,1,5.5,Sunrisers Hyderabad,DJG Sammy,GH Vihari,SR Watson,4,0,"",""
ball,1,5.6,Sunrisers Hyderabad,DJG Sammy,GH Vihari,SR Watson,0,0,"",""
ball,1,5.7,Sunrisers Hyderabad,DJG Sammy,GH Vihari,SR Watson,4,0,"",""
ball,1,6.1,Sunrisers Hyderabad,GH Vihari,DJG Sammy,KK Cooper,0,0,caught,GH Vihari
ball,1,6.2,Sunrisers Hyderabad,A Mishra,DJG Sammy,KK Cooper,0,1,"",""
ball,1,6.3,Sunrisers Hyderabad,A Mishra,DJG Sammy,KK Cooper,0,1,"",""
ball,1,6.4,Sunrisers Hyderabad,A Mishra,DJG Sammy,KK Cooper,0,0,"",""
ball,1,6.5,Sunrisers Hyderabad,A Mishra,DJG Sammy,KK Cooper,1,0,"",""
ball,1,6.6,Sunrisers Hyderabad,DJG Sammy,A Mishra,KK Cooper,0,1,"",""
ball,1,6.7,Sunrisers Hyderabad,DJG Sammy,A Mishra,KK Cooper,4,0,"",""
ball,1,6.8,Sunrisers Hyderabad,DJG Sammy,A Mishra,KK Cooper,0,0,"",""
ball,1,6.9,Sunrisers Hyderabad,DJG Sammy,A Mishra,KK Cooper,1,0,"",""
ball,1,7.1,Sunrisers Hyderabad,DJG Sammy,A Mishra,SR Watson,1,0,"",""
ball,1,7.2,Sunrisers Hyderabad,A Mishra,DJG Sammy,SR Watson,0,0,"",""
ball,1,7.3,Sunrisers Hyderabad,A Mishra,DJG Sammy,SR Watson,0,0,"",""
ball,1,7.4,Sunrisers Hyderabad,A Mishra,DJG Sammy,SR Watson,4,0,"",""
ball,1,7.5,Sunrisers Hyderabad,A Mishra,DJG Sammy,SR Watson,1,0,"",""
ball,1,7.6,Sunrisers Hyderabad,DJG Sammy,A Mishra,SR Watson,0,2,"",""
ball,1,8.1,Sunrisers Hyderabad,A Mishra,DJG Sammy,SK Trivedi,0,0,"",""
ball,1,8.2,Sunrisers Hyderabad,A Mishra,DJG Sammy,SK Trivedi,0,1,"",""
ball,1,8.3,Sunrisers Hyderabad,A Mishra,DJG Sammy,SK Trivedi,4,0,"",""
ball,1,8.4,Sunrisers Hyderabad,A Mishra,DJG Sammy,SK Trivedi,0,0,"",""
ball,1,8.5,Sunrisers Hyderabad,A Mishra,DJG Sammy,SK Trivedi,0,1,"",""
ball,1,8.6,Sunrisers Hyderabad,A Mishra,DJG Sammy,SK Trivedi,0,0,"",""
ball,1,8.7,Sunrisers Hyderabad,A Mishra,DJG Sammy,SK Trivedi,1,0,"",""
ball,1,8.8,Sunrisers Hyderabad,DJG Sammy,A Mishra,SK Trivedi,4,0,"",""
ball,1,9.1,Sunrisers Hyderabad,A Mishra,DJG Sammy,KK Cooper,0,0,"",""
ball,1,9.2,Sunrisers Hyderabad,A Mishra,DJG Sammy,KK Cooper,0,0,"",""
ball,1,9.3,Sunrisers Hyderabad,A Mishra,DJG Sammy,KK Cooper,1,0,"",""
ball,1,9.4,Sunrisers Hyderabad,DJG Sammy,A Mishra,KK Cooper,1,0,"",""
ball,1,9.5,Sunrisers Hyderabad,A Mishra,DJG Sammy,KK Cooper,1,0,"",""
ball,1,9.6,Sunrisers Hyderabad,DJG Sammy,A Mishra,KK Cooper,4,0,"",""
ball,1,10.1,Sunrisers Hyderabad,A Mishra,DJG Sammy,SK Trivedi,0,0,"",""
ball,1,10.2,Sunrisers Hyderabad,A Mishra,DJG Sammy,SK Trivedi,0,0,"",""
ball,1,10.3,Sunrisers Hyderabad,A Mishra,DJG Sammy,SK Trivedi,2,0,"",""
ball,1,10.4,Sunrisers Hyderabad,A Mishra,DJG Sammy,SK Trivedi,2,0,"",""
ball,1,10.5,Sunrisers Hyderabad,A Mishra,DJG Sammy,SK Trivedi,1,0,"",""
ball,1,10.6,Sunrisers Hyderabad,DJG Sammy,A Mishra,SK Trivedi,1,0,"",""
ball,1,11.1,Sunrisers Hyderabad,DJG Sammy,A Mishra,STR Binny,0,0,"",""
ball,1,11.2,Sunrisers Hyderabad,DJG Sammy,A Mishra,STR Binny,0,0,"",""
ball,1,11.3,Sunrisers Hyderabad,DJG Sammy,A Mishra,STR Binny,2,0,"",""
ball,1,11.4,Sunrisers Hyderabad,DJG Sammy,A Mishra,STR Binny,1,0,"",""
ball,1,11.5,Sunrisers Hyderabad,A Mishra,DJG Sammy,STR Binny,0,0,"",""
ball,1,11.6,Sunrisers Hyderabad,A Mishra,DJG Sammy,STR Binny,0,1,"",""
ball,1,11.7,Sunrisers Hyderabad,A Mishra,DJG Sammy,STR Binny,0,0,"",""
ball,1,12.1,Sunrisers Hyderabad,DJG Sammy,A Mishra,SK Trivedi,0,0,"",""
ball,1,12.2,Sunrisers Hyderabad,DJG Sammy,A Mishra,SK Trivedi,1,0,"",""
ball,1,12.3,Sunrisers Hyderabad,A Mishra,DJG Sammy,SK Trivedi,1,0,"",""
ball,1,12.4,Sunrisers Hyderabad,DJG Sammy,A Mishra,SK Trivedi,0,0,"",""
ball,1,12.5,Sunrisers Hyderabad,DJG Sammy,A Mishra,SK Trivedi,6,0,"",""
ball,1,12.6,Sunrisers Hyderabad,DJG Sammy,A Mishra,SK Trivedi,1,0,"",""
ball,1,13.1,Sunrisers Hyderabad,DJG Sammy,A Mishra,STR Binny,1,0,"",""
ball,1,13.2,Sunrisers Hyderabad,A Mishra,DJG Sammy,STR Binny,0,0,"",""
ball,1,13.3,Sunrisers Hyderabad,A Mishra,DJG Sammy,STR Binny,0,0,"",""
ball,1,13.4,Sunrisers Hyderabad,A Mishra,DJG Sammy,STR Binny,1,0,"",""
ball,1,13.5,Sunrisers Hyderabad,DJG Sammy,A Mishra,STR Binny,1,0,"",""
ball,1,13.6,Sunrisers Hyderabad,A Mishra,DJG Sammy,STR Binny,1,0,"",""
ball,1,14.1,Sunrisers Hyderabad,A Mishra,DJG Sammy,JP Faulkner,0,0,caught,A Mishra
ball,1,14.2,Sunrisers Hyderabad,DJG Sammy,A Ashish Reddy,JP Faulkner,0,0,"",""
ball,1,14.3,Sunrisers Hyderabad,DJG Sammy,A Ashish Reddy,JP Faulkner,2,0,"",""
ball,1,14.4,Sunrisers Hyderabad,DJG Sammy,A Ashish Reddy,JP Faulkner,1,0,"",""
ball,1,14.5,Sunrisers Hyderabad,A Ashish Reddy,DJG Sammy,JP Faulkner,2,0,"",""
ball,1,14.6,Sunrisers Hyderabad,A Ashish Reddy,DJG Sammy,JP Faulkner,0,0,"",""
ball,1,15.1,Sunrisers Hyderabad,DJG Sammy,A Ashish Reddy,STR Binny,0,1,"",""
ball,1,15.2,Sunrisers Hyderabad,DJG Sammy,A Ashish Reddy,STR Binny,0,0,"",""
ball,1,15.3,Sunrisers Hyderabad,DJG Sammy,A Ashish Reddy,STR Binny,0,0,"",""
ball,1,15.4,Sunrisers Hyderabad,DJG Sammy,A Ashish Reddy,STR Binny,1,0,"",""
ball,1,15.5,Sunrisers Hyderabad,A Ashish Reddy,DJG Sammy,STR Binny,1,0,"",""
ball,1,15.6,Sunrisers Hyderabad,DJG Sammy,A Ashish Reddy,STR Binny,4,0,"",""
ball,1,15.7,Sunrisers Hyderabad,DJG Sammy,A Ashish Reddy,STR Binny,0,0,"",""
ball,1,16.1,Sunrisers Hyderabad,A Ashish Reddy,DJG Sammy,KK Cooper,2,0,"",""
ball,1,16.2,Sunrisers Hyderabad,A Ashish Reddy,DJG Sammy,KK Cooper,4,0,"",""
ball,1,16.3,Sunrisers Hyderabad,A Ashish Reddy,DJG Sammy,KK Cooper,0,0,"",""
ball,1,16.4,Sunrisers Hyderabad,A Ashish Reddy,DJG Sammy,KK Cooper,1,0,"",""
ball,1,16.5,Sunrisers Hyderabad,DJG Sammy,A Ashish Reddy,KK Cooper,1,0,"",""
ball,1,16.6,Sunrisers Hyderabad,A Ashish Reddy,DJG Sammy,KK Cooper,1,0,"",""
ball,1,17.1,Sunrisers Hyderabad,A Ashish Reddy,DJG Sammy,STR Binny,2,0,"",""
ball,1,17.2,Sunrisers Hyderabad,A Ashish Reddy,DJG Sammy,STR Binny,1,0,"",""
ball,1,17.3,Sunrisers Hyderabad,DJG Sammy,A Ashish Reddy,STR Binny,2,0,"",""
ball,1,17.4,Sunrisers Hyderabad,DJG Sammy,A Ashish Reddy,STR Binny,1,0,"",""
ball,1,17.5,Sunrisers Hyderabad,A Ashish Reddy,DJG Sammy,STR Binny,0,0,caught,A Ashish Reddy
ball,1,17.6,Sunrisers Hyderabad,DJG Sammy,DW Steyn,STR Binny,4,0,"",""
ball,1,18.1,Sunrisers Hyderabad,DW Steyn,DJG Sammy,JP Faulkner,1,0,"",""
ball,1,18.2,Sunrisers Hyderabad,DJG Sammy,DW Steyn,JP Faulkner,2,0,"",""
ball,1,18.3,Sunrisers Hyderabad,DJG Sammy,DW Steyn,JP Faulkner,4,0,"",""
ball,1,18.4,Sunrisers Hyderabad,DJG Sammy,DW Steyn,JP Faulkner,1,0,"",""
ball,1,18.5,Sunrisers Hyderabad,DW Steyn,DJG Sammy,JP Faulkner,1,0,"",""
ball,1,18.6,Sunrisers Hyderabad,DJG Sammy,DW Steyn,JP Faulkner,0,0,lbw,DJG Sammy
ball,1,19.1,Sunrisers Hyderabad,DW Steyn,I Sharma,KK Cooper,0,0,"",""
ball,1,19.2,Sunrisers Hyderabad,DW Steyn,I Sharma,KK Cooper,4,0,"",""
ball,1,19.3,Sunrisers Hyderabad,DW Steyn,I Sharma,KK Cooper,0,0,"",""
ball,1,19.4,Sunrisers Hyderabad,DW Steyn,I Sharma,KK Cooper,0,1,"",""
ball,1,19.5,Sunrisers Hyderabad,DW Steyn,I Sharma,KK Cooper,2,0,"",""
ball,1,19.6,Sunrisers Hyderabad,DW Steyn,I Sharma,KK Cooper,6,0,"",""
ball,1,19.7,Sunrisers Hyderabad,DW Steyn,I Sharma,KK Cooper,4,0,"",""
ball,2,0.1,Rajasthan Royals,R Dravid,AM Rahane,DW Steyn,0,0,"",""
ball,2,0.2,Rajasthan Royals,R Dravid,AM Rahane,DW Steyn,1,0,"",""
ball,2,0.3,Rajasthan Royals,AM Rahane,R Dravid,DW Steyn,0,0,"",""
ball,2,0.4,Rajasthan Royals,AM Rahane,R Dravid,DW Steyn,0,0,"",""
ball,2,0.5,Rajasthan Royals,AM Rahane,R Dravid,DW Steyn,0,0,"",""
ball,2,0.6,Rajasthan Royals,AM Rahane,R Dravid,DW Steyn,0,0,"",""
ball,2,1.1,Rajasthan Royals,R Dravid,AM Rahane,I Sharma,1,0,"",""
ball,2,1.2,Rajasthan Royals,AM Rahane,R Dravid,I Sharma,0,0,"",""
ball,2,1.3,Rajasthan Royals,AM Rahane,R Dravid,I Sharma,1,0,"",""
ball,2,1.4,Rajasthan Royals,R Dravid,AM Rahane,I Sharma,0,0,"",""
ball,2,1.5,Rajasthan Royals,R Dravid,AM Rahane,I Sharma,0,0,"",""
ball,2,1.6,Rajasthan Royals,R Dravid,AM Rahane,I Sharma,4,0,"",""
ball,2,2.1,Rajasthan Royals,AM Rahane,R Dravid,DW Steyn,0,0,"",""
ball,2,2.2,Rajasthan Royals,AM Rahane,R Dravid,DW Steyn,0,0,"",""
ball,2,2.3,Rajasthan Royals,AM Rahane,R Dravid,DW Steyn,0,0,caught,AM Rahane
ball,2,2.4,Rajasthan Royals,SR Watson,R Dravid,DW Steyn,0,0,"",""
ball,2,2.5,Rajasthan Royals,SR Watson,R Dravid,DW Steyn,0,0,"",""
ball,2,2.6,Rajasthan Royals,SR Watson,R Dravid,DW Steyn,0,0,"",""
ball,2,3.1,Rajasthan Royals,R Dravid,SR Watson,NLTC Perera,0,0,"",""
ball,2,3.2,Rajasthan Royals,R Dravid,SR Watson,NLTC Perera,0,1,"",""
ball,2,3.3,Rajasthan Royals,SR Watson,R Dravid,NLTC Perera,4,0,"",""
ball,2,3.4,Rajasthan Royals,SR Watson,R Dravid,NLTC Perera,1,0,"",""
ball,2,3.5,Rajasthan Royals,R Dravid,SR Watson,NLTC Perera,0,0,"",""
ball,2,3.6,Rajasthan Royals,R Dravid,SR Watson,NLTC Perera,0,0,"",""
ball,2,4.1,Rajasthan Royals,SR Watson,R Dravid,DW Steyn,0,0,"",""
ball,2,4.2,Rajasthan Royals,SR Watson,R Dravid,DW Steyn,4,0,"",""
ball,2,4.3,Rajasthan Royals,SR Watson,R Dravid,DW Steyn,1,0,"",""
ball,2,4.4,Rajasthan Royals,R Dravid,SR Watson,DW Steyn,0,1,"",""
ball,2,4.5,Rajasthan Royals,R Dravid,SR Watson,DW Steyn,1,0,"",""
ball,2,4.6,Rajasthan Royals,SR Watson,R Dravid,DW Steyn,1,0,"",""
ball,2,4.7,Rajasthan Royals,R Dravid,SR Watson,DW Steyn,0,0,"",""
ball,2,5.1,Rajasthan Royals,SR Watson,R Dravid,I Sharma,0,0,"",""
ball,2,5.2,Rajasthan Royals,SR Watson,R Dravid,I Sharma,1,0,"",""
ball,2,5.3,Rajasthan Royals,R Dravid,SR Watson,I Sharma,4,0,"",""
ball,2,5.4,Rajasthan Royals,R Dravid,SR Watson,I Sharma,0,0,"",""
ball,2,5.5,Rajasthan Royals,R Dravid,SR Watson,I Sharma,4,0,"",""
ball,2,5.6,Rajasthan Royals,R Dravid,SR Watson,I Sharma,0,0,"",""
ball,2,6.1,Rajasthan Royals,SR Watson,R Dravid,NLTC Perera,4,0,"",""
ball,2,6.2,Rajasthan Royals,SR Watson,R Dravid,NLTC Perera,0,0,"",""
ball,2,6.3,Rajasthan Royals,SR Watson,R Dravid,NLTC Perera,0,0,"",""
ball,2,6.4,Rajasthan Royals,SR Watson,R Dravid,NLTC Perera,4,0,"",""
ball,2,6.5,Rajasthan Royals,SR Watson,R Dravid,NLTC Perera,1,0,"",""
ball,2,6.6,Rajasthan Royals,R Dravid,SR Watson,NLTC Perera,1,0,"",""
ball,2,7.1,Rajasthan Royals,R Dravid,SR Watson,DJG Sammy,1,0,"",""
ball,2,7.2,Rajasthan Royals,SR Watson,R Dravid,DJG Sammy,1,0,"",""
ball,2,7.3,Rajasthan Royals,R Dravid,SR Watson,DJG Sammy,0,0,"",""
ball,2,7.4,Rajasthan Royals,R Dravid,SR Watson,DJG Sammy,0,0,"",""
ball,2,7.5,Rajasthan Royals,R Dravid,SR Watson,DJG Sammy,0,0,"",""
ball,2,7.6,Rajasthan Royals,R Dravid,SR Watson,DJG Sammy,0,0,"",""
ball,2,8.1,Rajasthan Royals,SR Watson,R Dravid,A Mishra,0,0,"",""
ball,2,8.2,Rajasthan Royals,SR Watson,R Dravid,A Mishra,0,0,"",""
ball,2,8.3,Rajasthan Royals,SR Watson,R Dravid,A Mishra,1,0,"",""
ball,2,8.4,Rajasthan Royals,R Dravid,SR Watson,A Mishra,1,0,"",""
ball,2,8.5,Rajasthan Royals,SR Watson,R Dravid,A Mishra,0,0,"",""
ball,2,8.6,Rajasthan Royals,SR Watson,R Dravid,A Mishra,1,0,"",""
ball,2,9.1,Rajasthan Royals,SR Watson,R Dravid,KV Sharma,0,0,"",""
ball,2,9.2,Rajasthan Royals,SR Watson,R Dravid,KV Sharma,1,0,"",""
ball,2,9.3,Rajasthan Royals,R Dravid,SR Watson,KV Sharma,1,0,"",""
ball,2,9.4,Rajasthan Royals,SR Watson,R Dravid,KV Sharma,1,0,"",""
ball,2,9.5,Rajasthan Royals,R Dravid,SR Watson,KV Sharma,1,0,"",""
ball,2,9.6,Rajasthan Royals,SR Watson,R Dravid,KV Sharma,4,0,"",""
ball,2,10.1,Rajasthan Royals,R Dravid,SR Watson,A Mishra,1,0,"",""
ball,2,10.2,Rajasthan Royals,SR Watson,R Dravid,A Mishra,1,0,"",""
ball,2,10.3,Rajasthan Royals,R Dravid,SR Watson,A Mishra,6,0,"",""
ball,2,10.4,Rajasthan Royals,R Dravid,SR Watson,A Mishra,1,0,"",""
ball,2,10.5,Rajasthan Royals,SR Watson,R Dravid,A Mishra,2,0,"",""
ball,2,10.6,Rajasthan Royals,SR Watson,R Dravid,A Mishra,6,0,"",""
ball,2,11.1,Rajasthan Royals,R Dravid,SR Watson,DJG Sammy,4,0,"",""
ball,2,11.2,Rajasthan Royals,R Dravid,SR Watson,DJG Sammy,0,0,"",""
ball,2,11.3,Rajasthan Royals,R Dravid,SR Watson,DJG Sammy,1,0,"",""
ball,2,11.4,Rajasthan Royals,SR Watson,R Dravid,DJG Sammy,1,0,"",""
ball,2,11.5,Rajasthan Royals,R Dravid,SR Watson,DJG Sammy,0,0,"",""
ball,2,11.6,Rajasthan Royals,R Dravid,SR Watson,DJG Sammy,2,0,"",""
ball,2,12.1,Rajasthan Royals,SR Watson,R Dravid,NLTC Perera,0,0,"",""
ball,2,12.2,Rajasthan Royals,SR Watson,R Dravid,NLTC Perera,1,0,"",""
ball,2,12.3,Rajasthan Royals,R Dravid,SR Watson,NLTC Perera,1,0,"",""
ball,2,12.4,Rajasthan Royals,SR Watson,R Dravid,NLTC Perera,1,0,"",""
ball,2,12.5,Rajasthan Royals,R Dravid,SR Watson,NLTC Perera,0,0,caught,R Dravid
ball,2,12.6,Rajasthan Royals,SR Watson,STR Binny,NLTC Perera,1,0,"",""
ball,2,13.1,Rajasthan Royals,SR Watson,STR Binny,DJG Sammy,1,0,"",""
ball,2,13.2,Rajasthan Royals,STR Binny,SR Watson,DJG Sammy,1,0,"",""
ball,2,13.3,Rajasthan Royals,SR Watson,STR Binny,DJG Sammy,4,0,"",""
ball,2,13.4,Rajasthan Royals,SR Watson,STR Binny,DJG Sammy,0,0,"",""
ball,2,13.5,Rajasthan Royals,SR Watson,STR Binny,DJG Sammy,1,0,"",""
ball,2,13.6,Rajasthan Royals,STR Binny,SR Watson,DJG Sammy,0,0,"",""
ball,2,14.1,Rajasthan Royals,SR Watson,STR Binny,I Sharma,4,0,"",""
ball,2,14.2,Rajasthan Royals,SR Watson,STR Binny,I Sharma,4,0,"",""
ball,2,14.3,Rajasthan Royals,SR Watson,STR Binny,I Sharma,1,0,"",""
ball,2,14.4,Rajasthan Royals,STR Binny,SR Watson,I Sharma,1,0,"",""
ball,2,14.5,Rajasthan Royals,SR Watson,STR Binny,I Sharma,4,0,"",""
ball,2,14.6,Rajasthan Royals,SR Watson,STR Binny,I Sharma,6,0,"",""
ball,2,15.1,Rajasthan Royals,STR Binny,SR Watson,NLTC Perera,0,0,"",""
ball,2,15.2,Rajasthan Royals,STR Binny,SR Watson,NLTC Perera,1,0,"",""
ball,2,15.3,Rajasthan Royals,SR Watson,STR Binny,NLTC Perera,6,0,"",""
ball,2,15.4,Rajasthan Royals,SR Watson,STR Binny,NLTC Perera,0,0,"",""
ball,2,15.5,Rajasthan Royals,SR Watson,STR Binny,NLTC Perera,4,0,"",""
ball,2,15.6,Rajasthan Royals,SR Watson,STR Binny,NLTC Perera,4,0,"",""
ball,2,16.1,Rajasthan Royals,STR Binny,SR Watson,DW Steyn,4,0,"",""
ball,2,16.2,Rajasthan Royals,STR Binny,SR Watson,DW Steyn,0,0,"",""
ball,2,16.3,Rajasthan Royals,STR Binny,SR Watson,DW Steyn,1,0,"",""
ball,2,16.4,Rajasthan Royals,SR Watson,STR Binny,DW Steyn,0,0,"",""
ball,2,16.5,Rajasthan Royals,SR Watson,STR Binny,DW Steyn,1,0,"",""
ball,2,16.6,Rajasthan Royals,STR Binny,SR Watson,DW Steyn,0,0,"",""
ball,2,17.1,Rajasthan Royals,SR Watson,STR Binny,KV Sharma,1,0,"",""
ball,2,17.2,Rajasthan Royals,STR Binny,SR Watson,KV Sharma,1,0,"",""
ball,2,17.3,Rajasthan Royals,SR Watson,STR Binny,KV Sharma,6,0,"",""
ball,2,17.4,Rajasthan Royals,SR Watson,STR Binny,KV Sharma,4,0,"",""
ball,2,17.5,Rajasthan Royals,SR Watson,STR Binny,KV Sharma,4,0,"",""
