version,1
info,team,Kolkata Knight Riders
info,team,Pune Warriors
info,gender,male
info,season,2013
info,date,2013/05/15
info,competition,Indian Premier League
info,match_number,65
info,venue,JSCA International Stadium Complex
info,city,Ranchi
info,toss_winner,Kolkata Knight Riders
info,toss_decision,field
info,player_of_match,MK Pandey
info,umpire,NJ Llong
info,umpire,K Srinath
info,reserve_umpire,PK Khakhar
info,tv_umpire,VA Kulkarni
info,match_referee,RS Madugalle
info,winner,Pune Warriors
info,winner_runs,7
ball,1,0.1,Pune Warriors,RV Uthappa,AJ Finch,L Balaji,0,0,"",""
ball,1,0.2,Pune Warriors,RV Uthappa,AJ Finch,L Balaji,0,0,"",""
ball,1,0.3,Pune Warriors,RV Uthappa,AJ Finch,L Balaji,4,0,"",""
ball,1,0.4,Pune Warriors,RV Uthappa,AJ Finch,L Balaji,0,0,"",""
ball,1,0.5,Pune Warriors,RV Uthappa,AJ Finch,L Balaji,2,0,"",""
ball,1,0.6,Pune Warriors,RV Uthappa,AJ Finch,L Balaji,0,0,"",""
ball,1,1.1,Pune Warriors,AJ Finch,RV Uthappa,SMSM Senanayake,1,0,"",""
ball,1,1.2,Pune Warriors,RV Uthappa,AJ Finch,SMSM Senanayake,1,0,"",""
ball,1,1.3,Pune Warriors,AJ Finch,RV Uthappa,SMSM Senanayake,4,0,"",""
ball,1,1.4,Pune Warriors,AJ Finch,RV Uthappa,SMSM Senanayake,0,0,"",""
ball,1,1.5,Pune Warriors,AJ Finch,RV Uthappa,SMSM Senanayake,3,0,"",""
ball,1,1.6,Pune Warriors,RV Uthappa,AJ Finch,SMSM Senanayake,1,0,"",""
ball,1,2.1,Pune Warriors,RV Uthappa,AJ Finch,L Balaji,0,0,"",""
ball,1,2.2,Pune Warriors,RV Uthappa,AJ Finch,L Balaji,6,0,"",""
ball,1,2.3,Pune Warriors,RV Uthappa,AJ Finch,L Balaji,1,0,"",""
ball,1,2.4,Pune Warriors,AJ Finch,RV Uthappa,L Balaji,0,0,"",""
ball,1,2.5,Pune Warriors,AJ Finch,RV Uthappa,L Balaji,1,0,"",""
ball,1,2.6,Pune Warriors,RV Uthappa,AJ Finch,L Balaji,6,0,"",""
ball,1,3.1,Pune Warriors,AJ Finch,RV Uthappa,SMSM Senanayake,0,0,"",""
ball,1,3.2,Pune Warriors,AJ Finch,RV Uthappa,SMSM Senanayake,1,0,"",""
ball,1,3.3,Pune Warriors,RV Uthappa,AJ Finch,SMSM Senanayake,1,0,"",""
ball,1,3.4,Pune Warriors,AJ Finch,RV Uthappa,SMSM Senanayake,0,0,"",""
ball,1,3.5,Pune Warriors,AJ Finch,RV Uthappa,SMSM Senanayake,1,0,"",""
ball,1,3.6,Pune Warriors,RV Uthappa,AJ Finch,SMSM Senanayake,1,0,"",""
ball,1,4.1,Pune Warriors,RV Uthappa,AJ Finch,SP Narine,0,0,"",""
ball,1,4.2,Pune Warriors,RV Uthappa,AJ Finch,SP Narine,0,0,"",""
ball,1,4.3,Pune Warriors,RV Uthappa,AJ Finch,SP Narine,0,0,"",""
ball,1,4.4,Pune Warriors,RV Uthappa,AJ Finch,SP Narine,0,0,"",""
ball,1,4.5,Pune Warriors,RV Uthappa,AJ Finch,SP Narine,1,0,"",""
ball,1,4.6,Pune Warriors,AJ Finch,RV Uthappa,SP Narine,4,0,"",""
ball,1,5.1,Pune Warriors,RV Uthappa,AJ Finch,SMSM Senanayake,1,0,"",""
ball,1,5.2,Pune Warriors,AJ Finch,RV Uthappa,SMSM Senanayake,0,0,"",""
ball,1,5.3,Pune Warriors,AJ Finch,RV Uthappa,SMSM Senanayake,1,0,"",""
ball,1,5.4,Pune Warriors,RV Uthappa,AJ Finch,SMSM Senanayake,0,0,bowled,RV Uthappa
ball,1,5.5,Pune Warriors,MK Pandey,AJ Finch,SMSM Senanayake,0,0,"",""
ball,1,5.6,Pune Warriors,MK Pandey,AJ Finch,SMSM Senanayake,1,0,"",""
ball,1,6.1,Pune Warriors,MK Pandey,AJ Finch,JH Kallis,0,0,"",""
ball,1,6.2,Pune Warriors,MK Pandey,AJ Finch,JH Kallis,1,0,"",""
ball,1,6.3,Pune Warriors,AJ Finch,MK Pandey,JH Kallis,1,0,"",""
ball,1,6.4,Pune Warriors,MK Pandey,AJ Finch,JH Kallis,0,0,"",""
ball,1,6.5,Pune Warriors,MK Pandey,AJ Finch,JH Kallis,0,0,"",""
ball,1,6.6,Pune Warriors,MK Pandey,AJ Finch,JH Kallis,1,0,"",""
ball,1,7.1,Pune Warriors,MK Pandey,AJ Finch,R Bhatia,0,0,"",""
ball,1,7.2,Pune Warriors,MK Pandey,AJ Finch,R Bhatia,1,0,"",""
ball,1,7.3,Pune Warriors,AJ Finch,MK Pandey,R Bhatia,2,0,"",""
ball,1,7.4,Pune Warriors,AJ Finch,MK Pandey,R Bhatia,0,0,"",""
ball,1,7.5,Pune Warriors,AJ Finch,MK Pandey,R Bhatia,0,0,"",""
ball,1,7.6,Pune Warriors,AJ Finch,MK Pandey,R Bhatia,2,0,"",""
ball,1,8.1,Pune Warriors,MK Pandey,AJ Finch,RN ten Doeschate,1,0,"",""
ball,1,8.2,Pune Warriors,AJ Finch,MK Pandey,RN ten Doeschate,1,0,"",""
ball,1,8.3,Pune Warriors,MK Pandey,AJ Finch,RN ten Doeschate,1,0,"",""
ball,1,8.4,Pune Warriors,AJ Finch,MK Pandey,RN ten Doeschate,1,0,"",""
ball,1,8.5,Pune Warriors,MK Pandey,AJ Finch,RN ten Doeschate,2,0,"",""
ball,1,8.6,Pune Warriors,MK Pandey,AJ Finch,RN ten Doeschate,1,0,"",""
ball,1,9.1,Pune Warriors,MK Pandey,AJ Finch,JH Kallis,1,0,"",""
ball,1,9.2,Pune Warriors,AJ Finch,MK Pandey,JH Kallis,0,0,"",""
ball,1,9.3,Pune Warriors,AJ Finch,MK Pandey,JH Kallis,1,0,"",""
ball,1,9.4,Pune Warriors,MK Pandey,AJ Finch,JH Kallis,1,0,"",""
ball,1,9.5,Pune Warriors,AJ Finch,MK Pandey,JH Kallis,6,0,"",""
ball,1,9.6,Pune Warriors,AJ Finch,MK Pandey,JH Kallis,6,0,"",""
ball,1,10.1,Pune Warriors,MK Pandey,AJ Finch,R Bhatia,1,0,"",""
ball,1,10.2,Pune Warriors,AJ Finch,MK Pandey,R Bhatia,2,0,"",""
ball,1,10.3,Pune Warriors,AJ Finch,MK Pandey,R Bhatia,6,0,"",""
ball,1,10.4,Pune Warriors,AJ Finch,MK Pandey,R Bhatia,1,0,"",""
ball,1,10.5,Pune Warriors,MK Pandey,AJ Finch,R Bhatia,6,0,"",""
ball,1,10.6,Pune Warriors,MK Pandey,AJ Finch,R Bhatia,1,0,"",""
ball,1,11.1,Pune Warriors,MK Pandey,AJ Finch,SMSM Senanayake,1,0,"",""
ball,1,11.2,Pune Warriors,AJ Finch,MK Pandey,SMSM Senanayake,1,0,"",""
ball,1,11.3,Pune Warriors,MK Pandey,AJ Finch,SMSM Senanayake,1,0,"",""
ball,1,11.4,Pune Warriors,AJ Finch,MK Pandey,SMSM Senanayake,1,0,"",""
ball,1,11.5,Pune Warriors,MK Pandey,AJ Finch,SMSM Senanayake,1,0,"",""
ball,1,11.6,Pune Warriors,AJ Finch,MK Pandey,SMSM Senanayake,0,0,"",""
ball,1,12.1,Pune Warriors,MK Pandey,AJ Finch,L Balaji,0,0,"",""
ball,1,12.2,Pune Warriors,MK Pandey,AJ Finch,L Balaji,1,0,"",""
ball,1,12.3,Pune Warriors,AJ Finch,MK Pandey,L Balaji,1,0,"",""
ball,1,12.4,Pune Warriors,MK Pandey,AJ Finch,L Balaji,1,0,"",""
ball,1,12.5,Pune Warriors,AJ Finch,MK Pandey,L Balaji,0,0,bowled,AJ Finch
ball,1,12.6,Pune Warriors,Yuvraj Singh,MK Pandey,L Balaji,0,0,"",""
ball,1,13.1,Pune Warriors,MK Pandey,Yuvraj Singh,SP Narine,0,0,"",""
ball,1,13.2,Pune Warriors,MK Pandey,Yuvraj Singh,SP Narine,1,0,"",""
ball,1,13.3,Pune Warriors,Yuvraj Singh,MK Pandey,SP Narine,0,0,"",""
ball,1,13.4,Pune Warriors,Yuvraj Singh,MK Pandey,SP Narine,0,0,"",""
ball,1,13.5,Pune Warriors,Yuvraj Singh,MK Pandey,SP Narine,0,0,"",""
ball,1,13.6,Pune Warriors,Yuvraj Singh,MK Pandey,SP Narine,0,0,"",""
ball,1,14.1,Pune Warriors,MK Pandey,Yuvraj Singh,JH Kallis,0,0,"",""
ball,1,14.2,Pune Warriors,MK Pandey,Yuvraj Singh,JH Kallis,0,1,"",""
ball,1,14.3,Pune Warriors,MK Pandey,Yuvraj Singh,JH Kallis,0,0,"",""
ball,1,14.4,Pune Warriors,MK Pandey,Yuvraj Singh,JH Kallis,4,0,"",""
ball,1,14.5,Pune Warriors,MK Pandey,Yuvraj Singh,JH Kallis,4,0,"",""
ball,1,14.6,Pune Warriors,MK Pandey,Yuvraj Singh,JH Kallis,4,0,"",""
ball,1,14.7,Pune Warriors,MK Pandey,Yuvraj Singh,JH Kallis,1,0,"",""
ball,1,15.1,Pune Warriors,MK Pandey,Yuvraj Singh,R Bhatia,1,0,"",""
ball,1,15.2,Pune Warriors,Yuvraj Singh,MK Pandey,R Bhatia,1,0,"",""
ball,1,15.3,Pune Warriors,MK Pandey,Yuvraj Singh,R Bhatia,0,0,"",""
ball,1,15.4,Pune Warriors,MK Pandey,Yuvraj Singh,R Bhatia,1,0,"",""
ball,1,15.5,Pune Warriors,Yuvraj Singh,MK Pandey,R Bhatia,1,0,"",""
ball,1,15.6,Pune Warriors,MK Pandey,Yuvraj Singh,R Bhatia,0,0,"",""
ball,1,16.1,Pune Warriors,Yuvraj Singh,MK Pandey,SP Narine,0,0,"",""
ball,1,16.2,Pune Warriors,Yuvraj Singh,MK Pandey,SP Narine,1,0,"",""
ball,1,16.3,Pune Warriors,MK Pandey,Yuvraj Singh,SP Narine,1,0,"",""
ball,1,16.4,Pune Warriors,Yuvraj Singh,MK Pandey,SP Narine,6,0,"",""
ball,1,16.5,Pune Warriors,Yuvraj Singh,MK Pandey,SP Narine,0,0,"",""
ball,1,16.6,Pune Warriors,Yuvraj Singh,MK Pandey,SP Narine,1,0,"",""
ball,1,17.1,Pune Warriors,Yuvraj Singh,MK Pandey,L Balaji,1,0,"",""
ball,1,17.2,Pune Warriors,MK Pandey,Yuvraj Singh,L Balaji,4,0,"",""
ball,1,17.3,Pune Warriors,MK Pandey,Yuvraj Singh,L Balaji,2,0,"",""
ball,1,17.4,Pune Warriors,MK Pandey,Yuvraj Singh,L Balaji,4,0,"",""
ball,1,17.5,Pune Warriors,MK Pandey,Yuvraj Singh,L Balaji,1,0,"",""
ball,1,17.6,Pune Warriors,Yuvraj Singh,MK Pandey,L Balaji,6,0,"",""
ball,1,18.1,Pune Warriors,MK Pandey,Yuvraj Singh,SP Narine,4,0,"",""
ball,1,18.2,Pune Warriors,MK Pandey,Yuvraj Singh,SP Narine,1,0,"",""
ball,1,18.3,Pune Warriors,Yuvraj Singh,MK Pandey,SP Narine,2,0,"",""
ball,1,18.4,Pune Warriors,Yuvraj Singh,MK Pandey,SP Narine,1,0,"",""
ball,1,18.5,Pune Warriors,MK Pandey,Yuvraj Singh,SP Narine,1,0,"",""
ball,1,18.6,Pune Warriors,Yuvraj Singh,MK Pandey,SP Narine,2,0,"",""
ball,1,19.1,Pune Warriors,MK Pandey,Yuvraj Singh,JH Kallis,4,0,"",""
ball,1,19.2,Pune Warriors,MK Pandey,Yuvraj Singh,JH Kallis,4,0,"",""
ball,1,19.3,Pune Warriors,MK Pandey,Yuvraj Singh,JH Kallis,0,0,run out,MK Pandey
ball,1,19.4,Pune Warriors,Yuvraj Singh,LJ Wright,JH Kallis,6,0,"",""
ball,1,19.5,Pune Warriors,Yuvraj Singh,LJ Wright,JH Kallis,2,0,"",""
ball,1,19.6,Pune Warriors,Yuvraj Singh,LJ Wright,JH Kallis,0,0,caught,Yuvraj Singh
ball,2,0.1,Kolkata Knight Riders,G Gambhir,MS Bisla,B Kumar,0,1,"",""
ball,2,0.2,Kolkata Knight Riders,MS Bisla,G Gambhir,B Kumar,1,0,"",""
ball,2,0.3,Kolkata Knight Riders,G Gambhir,MS Bisla,B Kumar,0,0,"",""
ball,2,0.4,Kolkata Knight Riders,G Gambhir,MS Bisla,B Kumar,0,5,"",""
ball,2,0.5,Kolkata Knight Riders,G Gambhir,MS Bisla,B Kumar,0,0,"",""
ball,2,0.6,Kolkata Knight Riders,G Gambhir,MS Bisla,B Kumar,3,0,"",""
ball,2,0.7,Kolkata Knight Riders,MS Bisla,G Gambhir,B Kumar,0,0,"",""
ball,2,1.1,Kolkata Knight Riders,G Gambhir,MS Bisla,WD Parnell,0,0,"",""
ball,2,1.2,Kolkata Knight Riders,G Gambhir,MS Bisla,WD Parnell,1,0,"",""
ball,2,1.3,Kolkata Knight Riders,MS Bisla,G Gambhir,WD Parnell,0,5,"",""
ball,2,1.4,Kolkata Knight Riders,MS Bisla,G Gambhir,WD Parnell,0,0,"",""
ball,2,1.5,Kolkata Knight Riders,MS Bisla,G Gambhir,WD Parnell,0,1,"",""
ball,2,1.6,Kolkata Knight Riders,MS Bisla,G Gambhir,WD Parnell,0,0,lbw,MS Bisla
ball,2,1.7,Kolkata Knight Riders,JH Kallis,G Gambhir,WD Parnell,1,0,"",""
ball,2,1.8,Kolkata Knight Riders,G Gambhir,JH Kallis,WD Parnell,1,0,"",""
ball,2,2.1,Kolkata Knight Riders,G Gambhir,JH Kallis,B Kumar,0,0,"",""
ball,2,2.2,Kolkata Knight Riders,G Gambhir,JH Kallis,B Kumar,1,0,"",""
ball,2,2.3,Kolkata Knight Riders,JH Kallis,G Gambhir,B Kumar,0,0,"",""
ball,2,2.4,Kolkata Knight Riders,JH Kallis,G Gambhir,B Kumar,0,0,"",""
ball,2,2.5,Kolkata Knight Riders,JH Kallis,G Gambhir,B Kumar,0,3,"",""
ball,2,2.6,Kolkata Knight Riders,G Gambhir,JH Kallis,B Kumar,1,0,"",""
ball,2,3.1,Kolkata Knight Riders,G Gambhir,JH Kallis,WD Parnell,0,0,"",""
ball,2,3.2,Kolkata Knight Riders,G Gambhir,JH Kallis,WD Parnell,0,0,"",""
ball,2,3.3,Kolkata Knight Riders,G Gambhir,JH Kallis,WD Parnell,1,0,"",""
ball,2,3.4,Kolkata Knight Riders,JH Kallis,G Gambhir,WD Parnell,0,0,"",""
ball,2,3.5,Kolkata Knight Riders,JH Kallis,G Gambhir,WD Parnell,0,0,"",""
ball,2,3.6,Kolkata Knight Riders,JH Kallis,G Gambhir,WD Parnell,0,0,bowled,JH Kallis
ball,2,4.1,Kolkata Knight Riders,G Gambhir,YK Pathan,IC Pandey,4,0,"",""
ball,2,4.2,Kolkata Knight Riders,G Gambhir,YK Pathan,IC Pandey,0,0,"",""
ball,2,4.3,Kolkata Knight Riders,G Gambhir,YK Pathan,IC Pandey,0,0,"",""
ball,2,4.4,Kolkata Knight Riders,G Gambhir,YK Pathan,IC Pandey,0,0,caught,G Gambhir
ball,2,4.5,Kolkata Knight Riders,YK Pathan,RN ten Doeschate,IC Pandey,1,0,"",""
ball,2,4.6,Kolkata Knight Riders,RN ten Doeschate,YK Pathan,IC Pandey,0,0,"",""
ball,2,5.1,Kolkata Knight Riders,YK Pathan,RN ten Doeschate,AD Mathews,0,0,"",""
ball,2,5.2,Kolkata Knight Riders,YK Pathan,RN ten Doeschate,AD Mathews,1,0,"",""
ball,2,5.3,Kolkata Knight Riders,RN ten Doeschate,YK Pathan,AD Mathews,0,0,"",""
ball,2,5.4,Kolkata Knight Riders,RN ten Doeschate,YK Pathan,AD Mathews,0,0,"",""
ball,2,5.5,Kolkata Knight Riders,RN ten Doeschate,YK Pathan,AD Mathews,1,0,"",""
ball,2,5.6,Kolkata Knight Riders,YK Pathan,RN ten Doeschate,AD Mathews,1,0,"",""
ball,2,6.1,Kolkata Knight Riders,YK Pathan,RN ten Doeschate,IC Pandey,4,0,"",""
ball,2,6.2,Kolkata Knight Riders,YK Pathan,RN ten Doeschate,IC Pandey,1,0,"",""
ball,2,6.3,Kolkata Knight Riders,RN ten Doeschate,YK Pathan,IC Pandey,1,0,"",""
ball,2,6.4,Kolkata Knight Riders,YK Pathan,RN ten Doeschate,IC Pandey,4,0,"",""
ball,2,6.5,Kolkata Knight Riders,YK Pathan,RN ten Doeschate,IC Pandey,2,0,"",""
ball,2,6.6,Kolkata Knight Riders,YK Pathan,RN ten Doeschate,IC Pandey,0,0,"",""
ball,2,7.1,Kolkata Knight Riders,RN ten Doeschate,YK Pathan,AG Murtaza,4,0,"",""
ball,2,7.2,Kolkata Knight Riders,RN ten Doeschate,YK Pathan,AG Murtaza,1,0,"",""
ball,2,7.3,Kolkata Knight Riders,YK Pathan,RN ten Doeschate,AG Murtaza,1,0,"",""
ball,2,7.4,Kolkata Knight Riders,RN ten Doeschate,YK Pathan,AG Murtaza,1,0,"",""
ball,2,7.5,Kolkata Knight Riders,YK Pathan,RN ten Doeschate,AG Murtaza,1,0,"",""
ball,2,7.6,Kolkata Knight Riders,RN ten Doeschate,YK Pathan,AG Murtaza,1,0,"",""
ball,2,8.1,Kolkata Knight Riders,RN ten Doeschate,YK Pathan,AD Mathews,1,0,"",""
ball,2,8.2,Kolkata Knight Riders,YK Pathan,RN ten Doeschate,AD Mathews,1,0,"",""
ball,2,8.3,Kolkata Knight Riders,RN ten Doeschate,YK Pathan,AD Mathews,1,0,"",""
ball,2,8.4,Kolkata Knight Riders,YK Pathan,RN ten Doeschate,AD Mathews,4,0,"",""
ball,2,8.5,Kolkata Knight Riders,YK Pathan,RN ten Doeschate,AD Mathews,1,0,"",""
ball,2,8.6,Kolkata Knight Riders,RN ten Doeschate,YK Pathan,AD Mathews,4,0,"",""
ball,2,9.1,Kolkata Knight Riders,YK Pathan,RN ten Doeschate,AG Murtaza,1,0,"",""
ball,2,9.2,Kolkata Knight Riders,RN ten Doeschate,YK Pathan,AG Murtaza,0,0,"",""
ball,2,9.3,Kolkata Knight Riders,RN ten Doeschate,YK Pathan,AG Murtaza,6,0,"",""
ball,2,9.4,Kolkata Knight Riders,RN ten Doeschate,YK Pathan,AG Murtaza,1,0,"",""
ball,2,9.5,Kolkata Knight Riders,YK Pathan,RN ten Doeschate,AG Murtaza,0,0,"",""
ball,2,9.6,Kolkata Knight Riders,YK Pathan,RN ten Doeschate,AG Murtaza,0,0,"",""
ball,2,10.1,Kolkata Knight Riders,RN ten Doeschate,YK Pathan,Yuvraj Singh,1,0,"",""
ball,2,10.2,Kolkata Knight Riders,YK Pathan,RN ten Doeschate,Yuvraj Singh,2,0,"",""
ball,2,10.3,Kolkata Knight Riders,YK Pathan,RN ten Doeschate,Yuvraj Singh,6,0,"",""
ball,2,10.4,Kolkata Knight Riders,YK Pathan,RN ten Doeschate,Yuvraj Singh,1,0,"",""
ball,2,10.5,Kolkata Knight Riders,RN ten Doeschate,YK Pathan,Yuvraj Singh,1,0,"",""
ball,2,10.6,Kolkata Knight Riders,YK Pathan,RN ten Doeschate,Yuvraj Singh,0,0,"",""
ball,2,11.1,Kolkata Knight Riders,RN ten Doeschate,YK Pathan,LJ Wright,1,0,"",""
ball,2,11.2,Kolkata Knight Riders,YK Pathan,RN ten Doeschate,LJ Wright,1,0,"",""
ball,2,11.3,Kolkata Knight Riders,RN ten Doeschate,YK Pathan,LJ Wright,2,0,"",""
ball,2,11.4,Kolkata Knight Riders,RN ten Doeschate,YK Pathan,LJ Wright,1,0,"",""
ball,2,11.5,Kolkata Knight Riders,YK Pathan,RN ten Doeschate,LJ Wright,0,0,"",""
ball,2,11.6,Kolkata Knight Riders,YK Pathan,RN ten Doeschate,LJ Wright,6,0,"",""
ball,2,12.1,Kolkata Knight Riders,RN ten Doeschate,YK Pathan,AG Murtaza,4,0,"",""
ball,2,12.2,Kolkata Knight Riders,RN ten Doeschate,YK Pathan,AG Murtaza,1,0,"",""
ball,2,12.3,Kolkata Knight Riders,YK Pathan,RN ten Doeschate,AG Murtaza,1,0,"",""
ball,2,12.4,Kolkata Knight Riders,RN ten Doeschate,YK Pathan,AG Murtaza,1,0,"",""
ball,2,12.5,Kolkata Knight Riders,YK Pathan,RN ten Doeschate,AG Murtaza,1,0,"",""
ball,2,12.6,Kolkata Knight Riders,RN ten Doeschate,YK Pathan,AG Murtaza,1,0,"",""
ball,2,13.1,Kolkata Knight Riders,RN ten Doeschate,YK Pathan,WD Parnell,1,0,"",""
ball,2,13.2,Kolkata Knight Riders,YK Pathan,RN ten Doeschate,WD Parnell,0,0,"",""
ball,2,13.3,Kolkata Knight Riders,YK Pathan,RN ten Doeschate,WD Parnell,4,0,"",""
ball,2,13.4,Kolkata Knight Riders,YK Pathan,RN ten Doeschate,WD Parnell,4,0,"",""
ball,2,13.5,Kolkata Knight Riders,YK Pathan,RN ten Doeschate,WD Parnell,0,0,"",""
ball,2,13.6,Kolkata Knight Riders,YK Pathan,RN ten Doeschate,WD Parnell,0,0,"",""
ball,2,14.1,Kolkata Knight Riders,RN ten Doeschate,YK Pathan,AG Murtaza,1,0,"",""
ball,2,14.2,Kolkata Knight Riders,YK Pathan,RN ten Doeschate,AG Murtaza,1,0,"",""
ball,2,14.3,Kolkata Knight Riders,RN ten Doeschate,YK Pathan,AG Murtaza,0,0,"",""
ball,2,14.4,Kolkata Knight Riders,RN ten Doeschate,YK Pathan,AG Murtaza,1,0,"",""
ball,2,14.5,Kolkata Knight Riders,YK Pathan,RN ten Doeschate,AG Murtaza,1,0,"",""
ball,2,14.6,Kolkata Knight Riders,RN ten Doeschate,YK Pathan,AG Murtaza,4,0,"",""
ball,2,15.1,Kolkata Knight Riders,YK Pathan,RN ten Doeschate,RV Gomez,0,0,"",""
ball,2,15.2,Kolkata Knight Riders,YK Pathan,RN ten Doeschate,RV Gomez,0,0,"",""
ball,2,15.3,Kolkata Knight Riders,YK Pathan,RN ten Doeschate,RV Gomez,4,0,"",""
ball,2,15.4,Kolkata Knight Riders,YK Pathan,RN ten Doeschate,RV Gomez,1,0,"",""
ball,2,15.5,Kolkata Knight Riders,RN ten Doeschate,YK Pathan,RV Gomez,0,0,run out,RN ten Doeschate
ball,2,15.6,Kolkata Knight Riders,MK Tiwary,YK Pathan,RV Gomez,0,0,"",""
ball,2,16.1,Kolkata Knight Riders,YK Pathan,MK Tiwary,B Kumar,1,0,"",""
ball,2,16.2,Kolkata Knight Riders,MK Tiwary,YK Pathan,B Kumar,0,0,caught,MK Tiwary
ball,2,16.3,Kolkata Knight Riders,DB Das,YK Pathan,B Kumar,4,0,"",""
ball,2,16.4,Kolkata Knight Riders,DB Das,YK Pathan,B Kumar,0,0,"",""
ball,2,16.5,Kolkata Knight Riders,DB Das,YK Pathan,B Kumar,1,0,"",""
ball,2,16.6,Kolkata Knight Riders,YK Pathan,DB Das,B Kumar,1,0,"",""
ball,2,17.1,Kolkata Knight Riders,YK Pathan,DB Das,WD Parnell,4,0,"",""
ball,2,17.2,Kolkata Knight Riders,YK Pathan,DB Das,WD Parnell,6,0,"",""
ball,2,17.3,Kolkata Knight Riders,YK Pathan,DB Das,WD Parnell,4,0,"",""
ball,2,17.4,Kolkata Knight Riders,YK Pathan,DB Das,WD Parnell,0,0,"",""
ball,2,17.5,Kolkata Knight Riders,YK Pathan,DB Das,WD Parnell,0,0,obstructing the field,YK Pathan
ball,2,17.6,Kolkata Knight Riders,DB Das,R Bhatia,WD Parnell,1,0,"",""
ball,2,18.1,Kolkata Knight Riders,DB Das,R Bhatia,B Kumar,1,0,"",""
ball,2,18.2,Kolkata Knight Riders,R Bhatia,DB Das,B Kumar,0,0,"",""
ball,2,18.3,Kolkata Knight Riders,R Bhatia,DB Das,B Kumar,0,0,"",""
ball,2,18.4,Kolkata Knight Riders,R Bhatia,DB Das,B Kumar,0,0,"",""
ball,2,18.5,Kolkata Knight Riders,R Bhatia,DB Das,B Kumar,2,0,"",""
ball,2,18.6,Kolkata Knight Riders,R Bhatia,DB Das,B Kumar,1,0,"",""
ball,2,19.1,Kolkata Knight Riders,R Bhatia,DB Das,AD Mathews,0,0,"",""
ball,2,19.2,Kolkata Knight Riders,R Bhatia,DB Das,AD Mathews,2,0,"",""
ball,2,19.3,Kolkata Knight Riders,R Bhatia,DB Das,AD Mathews,4,0,"",""
ball,2,19.4,Kolkata Knight Riders,R Bhatia,DB Das,AD Mathews,1,0,run out,R Bhatia
ball,2,19.5,Kolkata Knight Riders,DB Das,SMSM Senanayake,AD Mathews,1,0,"",""
ball,2,19.6,Kolkata Knight Riders,SMSM Senanayake,DB Das,AD Mathews,2,0,"",""
