version,1
info,team,Royal Challengers Bangalore
info,team,Chennai Super Kings
info,gender,male
info,season,2015
info,date,2015/04/22
info,competition,Indian Premier League
info,match_number,20
info,venue,M Chinnaswamy Stadium
info,city,Bangalore
info,toss_winner,Royal Challengers Bangalore
info,toss_decision,field
info,player_of_match,SK Raina
info,umpire,JD Cloete
info,umpire,C Shamshuddin
info,reserve_umpire,VK Sharma
info,tv_umpire,PG Pathak
info,match_referee,J Srinath
info,winner,Chennai Super Kings
info,winner_runs,27
ball,1,0.1,Chennai Super Kings,DR Smith,BB McCullum,MA Starc,0,0,"",""
ball,1,0.2,Chennai Super Kings,DR Smith,BB McCullum,MA Starc,0,0,"",""
ball,1,0.3,Chennai Super Kings,DR Smith,BB McCullum,MA Starc,1,0,"",""
ball,1,0.4,Chennai Super Kings,BB McCullum,DR Smith,MA Starc,0,4,"",""
ball,1,0.5,Chennai Super Kings,BB McCullum,DR Smith,MA Starc,0,0,"",""
ball,1,0.6,Chennai Super Kings,BB McCullum,DR Smith,MA Starc,4,0,"",""
ball,1,1.1,Chennai Super Kings,DR Smith,BB McCullum,YS Chahal,2,0,"",""
ball,1,1.2,Chennai Super Kings,DR Smith,BB McCullum,YS Chahal,1,0,"",""
ball,1,1.3,Chennai Super Kings,BB McCullum,DR Smith,YS Chahal,0,0,"",""
ball,1,1.4,Chennai Super Kings,BB McCullum,DR Smith,YS Chahal,0,0,"",""
ball,1,1.5,Chennai Super Kings,BB McCullum,DR Smith,YS Chahal,0,0,caught,BB McCullum
ball,1,1.6,Chennai Super Kings,SK Raina,DR Smith,YS Chahal,4,0,"",""
ball,1,2.1,Chennai Super Kings,DR Smith,SK Raina,MA Starc,0,0,"",""
ball,1,2.2,Chennai Super Kings,DR Smith,SK Raina,MA Starc,0,0,"",""
ball,1,2.3,Chennai Super Kings,DR Smith,SK Raina,MA Starc,0,0,"",""
ball,1,2.4,Chennai Super Kings,DR Smith,SK Raina,MA Starc,0,0,"",""
ball,1,2.5,Chennai Super Kings,DR Smith,SK Raina,MA Starc,1,0,"",""
ball,1,2.6,Chennai Super Kings,SK Raina,DR Smith,MA Starc,0,0,"",""
ball,1,3.1,Chennai Super Kings,DR Smith,SK Raina,YS Chahal,4,0,"",""
ball,1,3.2,Chennai Super Kings,DR Smith,SK Raina,YS Chahal,1,0,"",""
ball,1,3.3,Chennai Super Kings,SK Raina,DR Smith,YS Chahal,1,0,"",""
ball,1,3.4,Chennai Super Kings,DR Smith,SK Raina,YS Chahal,0,0,"",""
ball,1,3.5,Chennai Super Kings,DR Smith,SK Raina,YS Chahal,0,0,"",""
ball,1,3.6,Chennai Super Kings,DR Smith,SK Raina,YS Chahal,6,0,"",""
ball,1,4.1,Chennai Super Kings,SK Raina,DR Smith,HV Patel,0,0,"",""
ball,1,4.2,Chennai Super Kings,SK Raina,DR Smith,HV Patel,0,0,"",""
ball,1,4.3,Chennai Super Kings,SK Raina,DR Smith,HV Patel,4,0,"",""
ball,1,4.4,Chennai Super Kings,SK Raina,DR Smith,HV Patel,4,0,"",""
ball,1,4.5,Chennai Super Kings,SK Raina,DR Smith,HV Patel,0,0,"",""
ball,1,4.6,Chennai Super Kings,SK Raina,DR Smith,HV Patel,0,1,"",""
ball,1,5.1,Chennai Super Kings,SK Raina,DR Smith,D Wiese,0,0,"",""
ball,1,5.2,Chennai Super Kings,SK Raina,DR Smith,D Wiese,0,0,"",""
ball,1,5.3,Chennai Super Kings,SK Raina,DR Smith,D Wiese,0,0,"",""
ball,1,5.4,Chennai Super Kings,SK Raina,DR Smith,D Wiese,6,0,"",""
ball,1,5.5,Chennai Super Kings,SK Raina,DR Smith,D Wiese,0,1,"",""
ball,1,5.6,Chennai Super Kings,DR Smith,SK Raina,D Wiese,0,0,"",""
ball,1,6.1,Chennai Super Kings,SK Raina,DR Smith,HV Patel,0,0,"",""
ball,1,6.2,Chennai Super Kings,SK Raina,DR Smith,HV Patel,1,0,"",""
ball,1,6.3,Chennai Super Kings,DR Smith,SK Raina,HV Patel,0,0,"",""
ball,1,6.4,Chennai Super Kings,DR Smith,SK Raina,HV Patel,0,0,"",""
ball,1,6.5,Chennai Super Kings,DR Smith,SK Raina,HV Patel,1,0,"",""
ball,1,6.6,Chennai Super Kings,SK Raina,DR Smith,HV Patel,0,0,"",""
ball,1,7.1,Chennai Super Kings,DR Smith,SK Raina,D Wiese,0,0,"",""
ball,1,7.2,Chennai Super Kings,DR Smith,SK Raina,D Wiese,6,0,"",""
ball,1,7.3,Chennai Super Kings,DR Smith,SK Raina,D Wiese,6,0,"",""
ball,1,7.4,Chennai Super Kings,DR Smith,SK Raina,D Wiese,4,0,"",""
ball,1,7.5,Chennai Super Kings,DR Smith,SK Raina,D Wiese,0,0,"",""
ball,1,7.6,Chennai Super Kings,DR Smith,SK Raina,D Wiese,1,0,"",""
ball,1,8.1,Chennai Super Kings,DR Smith,SK Raina,HV Patel,4,0,"",""
ball,1,8.2,Chennai Super Kings,DR Smith,SK Raina,HV Patel,1,0,"",""
ball,1,8.3,Chennai Super Kings,SK Raina,DR Smith,HV Patel,1,0,"",""
ball,1,8.4,Chennai Super Kings,DR Smith,SK Raina,HV Patel,0,0,"",""
ball,1,8.5,Chennai Super Kings,DR Smith,SK Raina,HV Patel,0,0,caught,DR Smith
ball,1,8.6,Chennai Super Kings,MS Dhoni,SK Raina,HV Patel,4,0,"",""
ball,1,9.1,Chennai Super Kings,SK Raina,MS Dhoni,Iqbal Abdulla,6,0,"",""
ball,1,9.2,Chennai Super Kings,SK Raina,MS Dhoni,Iqbal Abdulla,1,0,"",""
ball,1,9.3,Chennai Super Kings,MS Dhoni,SK Raina,Iqbal Abdulla,0,0,"",""
ball,1,9.4,Chennai Super Kings,MS Dhoni,SK Raina,Iqbal Abdulla,0,0,"",""
ball,1,9.5,Chennai Super Kings,MS Dhoni,SK Raina,Iqbal Abdulla,0,0,"",""
ball,1,9.6,Chennai Super Kings,MS Dhoni,SK Raina,Iqbal Abdulla,0,0,"",""
ball,1,10.1,Chennai Super Kings,SK Raina,MS Dhoni,D Wiese,1,0,"",""
ball,1,10.2,Chennai Super Kings,MS Dhoni,SK Raina,D Wiese,1,0,"",""
ball,1,10.3,Chennai Super Kings,SK Raina,MS Dhoni,D Wiese,1,0,"",""
ball,1,10.4,Chennai Super Kings,MS Dhoni,SK Raina,D Wiese,4,0,"",""
ball,1,10.5,Chennai Super Kings,MS Dhoni,SK Raina,D Wiese,1,0,"",""
ball,1,10.6,Chennai Super Kings,SK Raina,MS Dhoni,D Wiese,1,0,"",""
ball,1,11.1,Chennai Super Kings,SK Raina,MS Dhoni,Iqbal Abdulla,4,0,"",""
ball,1,11.2,Chennai Super Kings,SK Raina,MS Dhoni,Iqbal Abdulla,0,0,"",""
ball,1,11.3,Chennai Super Kings,SK Raina,MS Dhoni,Iqbal Abdulla,1,0,"",""
ball,1,11.4,Chennai Super Kings,MS Dhoni,SK Raina,Iqbal Abdulla,0,1,"",""
ball,1,11.5,Chennai Super Kings,MS Dhoni,SK Raina,Iqbal Abdulla,1,0,"",""
ball,1,11.6,Chennai Super Kings,SK Raina,MS Dhoni,Iqbal Abdulla,6,0,"",""
ball,1,11.7,Chennai Super Kings,SK Raina,MS Dhoni,Iqbal Abdulla,2,0,"",""
ball,1,12.1,Chennai Super Kings,MS Dhoni,SK Raina,YS Chahal,1,0,"",""
ball,1,12.2,Chennai Super Kings,SK Raina,MS Dhoni,YS Chahal,6,0,"",""
ball,1,12.3,Chennai Super Kings,SK Raina,MS Dhoni,YS Chahal,6,0,"",""
ball,1,12.4,Chennai Super Kings,SK Raina,MS Dhoni,YS Chahal,6,0,"",""
ball,1,12.5,Chennai Super Kings,SK Raina,MS Dhoni,YS Chahal,0,0,caught,SK Raina
ball,1,12.6,Chennai Super Kings,MS Dhoni,RA Jadeja,YS Chahal,0,0,"",""
ball,1,13.1,Chennai Super Kings,RA Jadeja,MS Dhoni,HV Patel,2,0,"",""
ball,1,13.2,Chennai Super Kings,RA Jadeja,MS Dhoni,HV Patel,0,0,"",""
ball,1,13.3,Chennai Super Kings,RA Jadeja,MS Dhoni,HV Patel,4,0,"",""
ball,1,13.4,Chennai Super Kings,RA Jadeja,MS Dhoni,HV Patel,1,0,"",""
ball,1,13.5,Chennai Super Kings,MS Dhoni,RA Jadeja,HV Patel,1,0,"",""
ball,1,13.6,Chennai Super Kings,RA Jadeja,MS Dhoni,HV Patel,0,0,"",""
ball,1,14.1,Chennai Super Kings,MS Dhoni,RA Jadeja,YS Chahal,0,0,caught,MS Dhoni
ball,1,14.2,Chennai Super Kings,RA Jadeja,F du Plessis,YS Chahal,0,0,"",""
ball,1,14.3,Chennai Super Kings,RA Jadeja,F du Plessis,YS Chahal,1,0,"",""
ball,1,14.4,Chennai Super Kings,F du Plessis,RA Jadeja,YS Chahal,0,0,"",""
ball,1,14.5,Chennai Super Kings,F du Plessis,RA Jadeja,YS Chahal,0,0,"",""
ball,1,14.6,Chennai Super Kings,F du Plessis,RA Jadeja,YS Chahal,1,0,"",""
ball,1,15.1,Chennai Super Kings,F du Plessis,RA Jadeja,Iqbal Abdulla,1,0,"",""
ball,1,15.2,Chennai Super Kings,RA Jadeja,F du Plessis,Iqbal Abdulla,0,0,caught,RA Jadeja
ball,1,15.3,Chennai Super Kings,F du Plessis,DJ Bravo,Iqbal Abdulla,0,0,"",""
ball,1,15.4,Chennai Super Kings,F du Plessis,DJ Bravo,Iqbal Abdulla,0,0,"",""
ball,1,15.5,Chennai Super Kings,F du Plessis,DJ Bravo,Iqbal Abdulla,4,0,"",""
ball,1,15.6,Chennai Super Kings,F du Plessis,DJ Bravo,Iqbal Abdulla,1,0,"",""
ball,1,16.1,Chennai Super Kings,F du Plessis,DJ Bravo,MA Starc,4,0,"",""
ball,1,16.2,Chennai Super Kings,F du Plessis,DJ Bravo,MA Starc,1,0,"",""
ball,1,16.3,Chennai Super Kings,DJ Bravo,F du Plessis,MA Starc,1,0,"",""
ball,1,16.4,Chennai Super Kings,F du Plessis,DJ Bravo,MA Starc,4,0,"",""
ball,1,16.5,Chennai Super Kings,F du Plessis,DJ Bravo,MA Starc,1,0,"",""
ball,1,16.6,Chennai Super Kings,DJ Bravo,F du Plessis,MA Starc,4,0,"",""
ball,1,17.1,Chennai Super Kings,F du Plessis,DJ Bravo,Iqbal Abdulla,1,0,"",""
ball,1,17.2,Chennai Super Kings,DJ Bravo,F du Plessis,Iqbal Abdulla,0,0,"",""
ball,1,17.3,Chennai Super Kings,DJ Bravo,F du Plessis,Iqbal Abdulla,0,0,caught,DJ Bravo
ball,1,17.4,Chennai Super Kings,F du Plessis,R Ashwin,Iqbal Abdulla,0,1,"",""
ball,1,17.5,Chennai Super Kings,F du Plessis,R Ashwin,Iqbal Abdulla,1,0,"",""
ball,1,17.6,Chennai Super Kings,R Ashwin,F du Plessis,Iqbal Abdulla,1,0,"",""
ball,1,17.7,Chennai Super Kings,F du Plessis,R Ashwin,Iqbal Abdulla,4,0,"",""
ball,1,18.1,Chennai Super Kings,R Ashwin,F du Plessis,D Wiese,4,0,"",""
ball,1,18.2,Chennai Super Kings,R Ashwin,F du Plessis,D Wiese,0,1,"",""
ball,1,18.3,Chennai Super Kings,R Ashwin,F du Plessis,D Wiese,0,0,caught,R Ashwin
ball,1,18.4,Chennai Super Kings,MM Sharma,F du Plessis,D Wiese,1,0,"",""
ball,1,18.5,Chennai Super Kings,F du Plessis,MM Sharma,D Wiese,1,0,"",""
ball,1,18.6,Chennai Super Kings,MM Sharma,F du Plessis,D Wiese,1,0,"",""
ball,1,18.7,Chennai Super Kings,F du Plessis,MM Sharma,D Wiese,6,0,"",""
ball,1,19.1,Chennai Super Kings,MM Sharma,F du Plessis,MA Starc,0,0,"",""
ball,1,19.2,Chennai Super Kings,MM Sharma,F du Plessis,MA Starc,0,0,"",""
ball,1,19.3,Chennai Super Kings,MM Sharma,F du Plessis,MA Starc,0,0,"",""
ball,1,19.4,Chennai Super Kings,MM Sharma,F du Plessis,MA Starc,0,0,bowled,MM Sharma
ball,1,19.5,Chennai Super Kings,A Nehra,F du Plessis,MA Starc,0,1,"",""
ball,1,19.6,Chennai Super Kings,F du Plessis,A Nehra,MA Starc,3,0,"",""
ball,2,0.1,Royal Challengers Bangalore,MS Bisla,RR Rossouw,IC Pandey,0,0,"",""
ball,2,0.2,Royal Challengers Bangalore,MS Bisla,RR Rossouw,IC Pandey,4,0,"",""
ball,2,0.3,Royal Challengers Bangalore,MS Bisla,RR Rossouw,IC Pandey,0,0,"",""
ball,2,0.4,Royal Challengers Bangalore,MS Bisla,RR Rossouw,IC Pandey,0,0,"",""
ball,2,0.5,Royal Challengers Bangalore,MS Bisla,RR Rossouw,IC Pandey,4,0,"",""
ball,2,0.6,Royal Challengers Bangalore,MS Bisla,RR Rossouw,IC Pandey,0,0,"",""
ball,2,1.1,Royal Challengers Bangalore,RR Rossouw,MS Bisla,A Nehra,1,0,"",""
ball,2,1.2,Royal Challengers Bangalore,MS Bisla,RR Rossouw,A Nehra,0,0,"",""
ball,2,1.3,Royal Challengers Bangalore,MS Bisla,RR Rossouw,A Nehra,1,0,"",""
ball,2,1.4,Royal Challengers Bangalore,RR Rossouw,MS Bisla,A Nehra,0,1,"",""
ball,2,1.5,Royal Challengers Bangalore,MS Bisla,RR Rossouw,A Nehra,1,0,"",""
ball,2,1.6,Royal Challengers Bangalore,RR Rossouw,MS Bisla,A Nehra,0,0,"",""
ball,2,2.1,Royal Challengers Bangalore,MS Bisla,RR Rossouw,MM Sharma,4,0,"",""
ball,2,2.2,Royal Challengers Bangalore,MS Bisla,RR Rossouw,MM Sharma,3,0,"",""
ball,2,2.3,Royal Challengers Bangalore,RR Rossouw,MS Bisla,MM Sharma,2,0,"",""
ball,2,2.4,Royal Challengers Bangalore,RR Rossouw,MS Bisla,MM Sharma,6,0,"",""
ball,2,2.5,Royal Challengers Bangalore,RR Rossouw,MS Bisla,MM Sharma,0,0,"",""
ball,2,2.6,Royal Challengers Bangalore,RR Rossouw,MS Bisla,MM Sharma,4,0,"",""
ball,2,3.1,Royal Challengers Bangalore,MS Bisla,RR Rossouw,A Nehra,0,0,"",""
ball,2,3.2,Royal Challengers Bangalore,MS Bisla,RR Rossouw,A Nehra,0,0,"",""
ball,2,3.3,Royal Challengers Bangalore,MS Bisla,RR Rossouw,A Nehra,0,0,caught,MS Bisla
ball,2,3.4,Royal Challengers Bangalore,RR Rossouw,V Kohli,A Nehra,1,0,"",""
ball,2,3.5,Royal Challengers Bangalore,V Kohli,RR Rossouw,A Nehra,1,0,"",""
ball,2,3.6,Royal Challengers Bangalore,RR Rossouw,V Kohli,A Nehra,0,0,bowled,RR Rossouw
ball,2,4.1,Royal Challengers Bangalore,V Kohli,KD Karthik,MM Sharma,0,0,"",""
ball,2,4.2,Royal Challengers Bangalore,V Kohli,KD Karthik,MM Sharma,0,0,"",""
ball,2,4.3,Royal Challengers Bangalore,V Kohli,KD Karthik,MM Sharma,0,0,"",""
ball,2,4.4,Royal Challengers Bangalore,V Kohli,KD Karthik,MM Sharma,1,0,"",""
ball,2,4.5,Royal Challengers Bangalore,KD Karthik,V Kohli,MM Sharma,0,0,"",""
ball,2,4.6,Royal Challengers Bangalore,KD Karthik,V Kohli,MM Sharma,0,0,"",""
ball,2,5.1,Royal Challengers Bangalore,V Kohli,KD Karthik,A Nehra,2,0,"",""
ball,2,5.2,Royal Challengers Bangalore,V Kohli,KD Karthik,A Nehra,0,0,"",""
ball,2,5.3,Royal Challengers Bangalore,V Kohli,KD Karthik,A Nehra,0,0,"",""
ball,2,5.4,Royal Challengers Bangalore,V Kohli,KD Karthik,A Nehra,0,0,"",""
ball,2,5.5,Royal Challengers Bangalore,V Kohli,KD Karthik,A Nehra,1,0,"",""
ball,2,5.6,Royal Challengers Bangalore,KD Karthik,V Kohli,A Nehra,1,0,"",""
ball,2,6.1,Royal Challengers Bangalore,KD Karthik,V Kohli,MM Sharma,0,0,"",""
ball,2,6.2,Royal Challengers Bangalore,KD Karthik,V Kohli,MM Sharma,2,0,"",""
ball,2,6.3,Royal Challengers Bangalore,KD Karthik,V Kohli,MM Sharma,1,0,"",""
ball,2,6.4,Royal Challengers Bangalore,V Kohli,KD Karthik,MM Sharma,1,0,"",""
ball,2,6.5,Royal Challengers Bangalore,KD Karthik,V Kohli,MM Sharma,1,0,"",""
ball,2,6.6,Royal Challengers Bangalore,V Kohli,KD Karthik,MM Sharma,1,0,"",""
ball,2,7.1,Royal Challengers Bangalore,V Kohli,KD Karthik,R Ashwin,1,0,"",""
ball,2,7.2,Royal Challengers Bangalore,KD Karthik,V Kohli,R Ashwin,4,0,"",""
ball,2,7.3,Royal Challengers Bangalore,KD Karthik,V Kohli,R Ashwin,1,0,"",""
ball,2,7.4,Royal Challengers Bangalore,V Kohli,KD Karthik,R Ashwin,6,0,"",""
ball,2,7.5,Royal Challengers Bangalore,V Kohli,KD Karthik,R Ashwin,0,1,"",""
ball,2,7.6,Royal Challengers Bangalore,V Kohli,KD Karthik,R Ashwin,4,0,"",""
ball,2,7.7,Royal Challengers Bangalore,V Kohli,KD Karthik,R Ashwin,0,0,"",""
ball,2,8.1,Royal Challengers Bangalore,KD Karthik,V Kohli,IC Pandey,0,0,"",""
ball,2,8.2,Royal Challengers Bangalore,KD Karthik,V Kohli,IC Pandey,0,0,caught,KD Karthik
ball,2,8.3,Royal Challengers Bangalore,V Kohli,AB de Villiers,IC Pandey,1,0,"",""
ball,2,8.4,Royal Challengers Bangalore,AB de Villiers,V Kohli,IC Pandey,0,0,"",""
ball,2,8.5,Royal Challengers Bangalore,AB de Villiers,V Kohli,IC Pandey,0,0,"",""
ball,2,8.6,Royal Challengers Bangalore,AB de Villiers,V Kohli,IC Pandey,0,0,"",""
ball,2,9.1,Royal Challengers Bangalore,V Kohli,AB de Villiers,RA Jadeja,4,0,"",""
ball,2,9.2,Royal Challengers Bangalore,V Kohli,AB de Villiers,RA Jadeja,1,0,"",""
ball,2,9.3,Royal Challengers Bangalore,AB de Villiers,V Kohli,RA Jadeja,0,0,"",""
ball,2,9.4,Royal Challengers Bangalore,AB de Villiers,V Kohli,RA Jadeja,1,0,"",""
ball,2,9.5,Royal Challengers Bangalore,V Kohli,AB de Villiers,RA Jadeja,1,0,"",""
ball,2,9.6,Royal Challengers Bangalore,AB de Villiers,V Kohli,RA Jadeja,6,0,"",""
ball,2,10.1,Royal Challengers Bangalore,V Kohli,AB de Villiers,IC Pandey,1,0,"",""
ball,2,10.2,Royal Challengers Bangalore,AB de Villiers,V Kohli,IC Pandey,0,0,"",""
ball,2,10.3,Royal Challengers Bangalore,AB de Villiers,V Kohli,IC Pandey,0,0,"",""
ball,2,10.4,Royal Challengers Bangalore,AB de Villiers,V Kohli,IC Pandey,1,0,"",""
ball,2,10.5,Royal Challengers Bangalore,V Kohli,AB de Villiers,IC Pandey,1,0,"",""
ball,2,10.6,Royal Challengers Bangalore,AB de Villiers,V Kohli,IC Pandey,6,0,"",""
ball,2,11.1,Royal Challengers Bangalore,V Kohli,AB de Villiers,RA Jadeja,0,0,"",""
ball,2,11.2,Royal Challengers Bangalore,V Kohli,AB de Villiers,RA Jadeja,0,0,"",""
ball,2,11.3,Royal Challengers Bangalore,V Kohli,AB de Villiers,RA Jadeja,1,0,run out,AB de Villiers
ball,2,11.4,Royal Challengers Bangalore,SN Khan,V Kohli,RA Jadeja,0,0,"",""
ball,2,11.5,Royal Challengers Bangalore,SN Khan,V Kohli,RA Jadeja,1,0,"",""
ball,2,11.6,Royal Challengers Bangalore,V Kohli,SN Khan,RA Jadeja,0,0,"",""
ball,2,12.1,Royal Challengers Bangalore,SN Khan,V Kohli,IC Pandey,1,0,"",""
ball,2,12.2,Royal Challengers Bangalore,V Kohli,SN Khan,IC Pandey,0,0,"",""
ball,2,12.3,Royal Challengers Bangalore,V Kohli,SN Khan,IC Pandey,1,0,"",""
ball,2,12.4,Royal Challengers Bangalore,SN Khan,V Kohli,IC Pandey,1,0,"",""
ball,2,12.5,Royal Challengers Bangalore,V Kohli,SN Khan,IC Pandey,0,0,"",""
ball,2,12.6,Royal Challengers Bangalore,V Kohli,SN Khan,IC Pandey,0,0,"",""
ball,2,13.1,Royal Challengers Bangalore,SN Khan,V Kohli,RA Jadeja,6,0,"",""
ball,2,13.2,Royal Challengers Bangalore,SN Khan,V Kohli,RA Jadeja,2,0,"",""
ball,2,13.3,Royal Challengers Bangalore,SN Khan,V Kohli,RA Jadeja,0,0,caught,SN Khan
ball,2,13.4,Royal Challengers Bangalore,D Wiese,V Kohli,RA Jadeja,1,0,"",""
ball,2,13.5,Royal Challengers Bangalore,V Kohli,D Wiese,RA Jadeja,0,0,"",""
ball,2,13.6,Royal Challengers Bangalore,V Kohli,D Wiese,RA Jadeja,1,0,"",""
ball,2,14.1,Royal Challengers Bangalore,V Kohli,D Wiese,DJ Bravo,2,0,"",""
ball,2,14.2,Royal Challengers Bangalore,V Kohli,D Wiese,DJ Bravo,0,0,"",""
ball,2,14.3,Royal Challengers Bangalore,V Kohli,D Wiese,DJ Bravo,4,0,"",""
ball,2,14.4,Royal Challengers Bangalore,V Kohli,D Wiese,DJ Bravo,1,0,"",""
ball,2,14.5,Royal Challengers Bangalore,D Wiese,V Kohli,DJ Bravo,1,0,"",""
ball,2,14.6,Royal Challengers Bangalore,V Kohli,D Wiese,DJ Bravo,4,0,"",""
ball,2,15.1,Royal Challengers Bangalore,D Wiese,V Kohli,RA Jadeja,1,0,"",""
ball,2,15.2,Royal Challengers Bangalore,V Kohli,D Wiese,RA Jadeja,2,0,"",""
ball,2,15.3,Royal Challengers Bangalore,V Kohli,D Wiese,RA Jadeja,1,0,"",""
ball,2,15.4,Royal Challengers Bangalore,D Wiese,V Kohli,RA Jadeja,1,0,"",""
ball,2,15.5,Royal Challengers Bangalore,V Kohli,D Wiese,RA Jadeja,6,0,"",""
ball,2,15.6,Royal Challengers Bangalore,V Kohli,D Wiese,RA Jadeja,1,0,"",""
ball,2,16.1,Royal Challengers Bangalore,V Kohli,D Wiese,A Nehra,0,0,caught,V Kohli
ball,2,16.2,Royal Challengers Bangalore,HV Patel,D Wiese,A Nehra,0,0,caught,HV Patel
ball,2,16.3,Royal Challengers Bangalore,D Wiese,MA Starc,A Nehra,0,0,"",""
ball,2,16.4,Royal Challengers Bangalore,D Wiese,MA Starc,A Nehra,0,0,"",""
ball,2,16.5,Royal Challengers Bangalore,D Wiese,MA Starc,A Nehra,0,0,"",""
ball,2,16.6,Royal Challengers Bangalore,D Wiese,MA Starc,A Nehra,1,0,"",""
ball,2,17.1,Royal Challengers Bangalore,D Wiese,MA Starc,DJ Bravo,0,0,"",""
ball,2,17.2,Royal Challengers Bangalore,D Wiese,MA Starc,DJ Bravo,0,0,"",""
ball,2,17.3,Royal Challengers Bangalore,D Wiese,MA Starc,DJ Bravo,4,0,"",""
ball,2,17.4,Royal Challengers Bangalore,D Wiese,MA Starc,DJ Bravo,0,4,"",""
ball,2,17.5,Royal Challengers Bangalore,D Wiese,MA Starc,DJ Bravo,1,0,"",""
ball,2,17.6,Royal Challengers Bangalore,MA Starc,D Wiese,DJ Bravo,1,0,"",""
ball,2,18.1,Royal Challengers Bangalore,MA Starc,D Wiese,MM Sharma,4,0,"",""
ball,2,18.2,Royal Challengers Bangalore,MA Starc,D Wiese,MM Sharma,1,0,"",""
ball,2,18.3,Royal Challengers Bangalore,D Wiese,MA Starc,MM Sharma,0,0,"",""
ball,2,18.4,Royal Challengers Bangalore,D Wiese,MA Starc,MM Sharma,1,0,"",""
ball,2,18.5,Royal Challengers Bangalore,MA Starc,D Wiese,MM Sharma,1,0,"",""
ball,2,18.6,Royal Challengers Bangalore,D Wiese,MA Starc,MM Sharma,6,0,"",""
ball,2,19.1,Royal Challengers Bangalore,MA Starc,D Wiese,DJ Bravo,1,0,"",""
ball,2,19.2,Royal Challengers Bangalore,D Wiese,MA Starc,DJ Bravo,1,0,"",""
ball,2,19.3,Royal Challengers Bangalore,MA Starc,D Wiese,DJ Bravo,1,0,"",""
ball,2,19.4,Royal Challengers Bangalore,D Wiese,MA Starc,DJ Bravo,0,0,"",""
ball,2,19.5,Royal Challengers Bangalore,D Wiese,MA Starc,DJ Bravo,4,0,"",""
ball,2,19.6,Royal Challengers Bangalore,D Wiese,MA Starc,DJ Bravo,0,0,caught,D Wiese
